Authors,Title,Year,Volume,T_tokens_,T_tokens,T_tokens_join,T_tokens_VOS
Skager R.W.; Klein S.P.; Schultz C.B.,THE PREDICTION OF ACADEMIC AND ARTISTIC ACHIEVEMENT AT A SCHOOL OF DESIGN,1967,4,"['prediction', 'ACADEMIC', 'ARTISTIC', 'achievement', 'SCHOOL', 'design']","['prediction', 'academic', 'artistic', 'achievement', 'school', 'design']",prediction academic artistic achievement school design,prediction; academic; artistic achievement; school design
Jacobs S.S.,BIAS IN THE KEYING OF STANDARDIZED TESTS: A REEXAMINATION,1968,5,"['bias', 'KEYING', 'standardized', 'reexamination']","['bias', 'keying', 'standardized', 'reexamination']",bias keying standardized reexamination,bias; keying; standardized; reexamination
CARVER R.P.,A MODEL FOR USING THE FINAL EXAMINATION AS A MEASURE OF THE AMOUNT LEARNED IN CLASSROOM LEARNING,1969,6,"['FINAL', 'examination', 'measure', 'LEARNED', 'CLASSROOM', 'LEARNING']","['final', 'examination', 'measure', 'learned', 'classroom', 'learning']",final examination measure learned classroom learning,final; examination; measure; learned; classroom; learning
Braun J.R.; LaFaro D.,EFFECTS OF A GOOD IMPRESSION SET ON THE THORNDIKE DIMENSIONS OF TEMPERAMENT,1967,4,"['effect', 'good', 'impression', 'SET', 'THORNDIKE', 'dimension', 'TEMPERAMENT']","['effect', 'good', 'impression', 'set', 'thorndike', 'dimension', 'temperament']",effect good impression set thorndike dimension temperament,effect; good; impression; set; thorndike; dimension; temperament
Klein S.P.; Rock D.A.; Evans F.R.,THE USE OF MULTIPLE MODERATORS IN ACADEMIC PREDICTION,1968,5,"['MULTIPLE', 'moderators', 'ACADEMIC', 'prediction']","['multiple', 'moderators', 'academic', 'prediction']",multiple moderators academic prediction,multiple; moderators; academic; prediction
BOWERS J.,INTERACTIVE EFFECTS OF CREATIVITY AND IQ ON NINTH?êGRADE ACHIEVEMENT,1969,6,"['interactive', 'effect', 'CREATIVITY', 'IQ', 'ON', 'NINTH?êGRADE', 'ACHIEVEMENT']","['interactive', 'effect', 'creativity', 'iq', 'on', 'ninth-grade', 'achievement']",interactive effect creativity iq on ninth-grade achievement,interactive; effect; creativity; iq; on; ninth-grade; achievement
FLAUGHER R.L.; ROCK D.A.,A MULTIPLE MODERATOR APPROACH TO THE IDENTIFICATION OF OVER??AND UNDERACHIEVERS,1969,6,"['MULTIPLE', 'moderator', 'approach', 'identification', 'over??, 'underachiever']","['multiple', 'moderator', 'approach', 'identification', 'over??, 'underachiever']",multiple moderator approach identification over??underachiever,multiple; moderator; approach; identification; over?? underachiever
Crawford W.R.,ITEM DIFFICULTY AS RELATED TO THE COMPLEXITY OF INTELLECTUAL PROCESSES,1968,5,"['ITEM', 'difficulty', 'relate', 'COMPLEXITY', 'INTELLECTUAL', 'process']","['item', 'difficulty', 'relate', 'complexity', 'intellectual', 'process']",item difficulty relate complexity intellectual process,item; difficulty; relate; complexity; intellectual; process
Mason G.P.; Odeh R.E.,A SHORT?êCUT FORMULA FOR STANDARD DEVIATION,1968,5,"['short-cut', 'formula', 'standard', 'deviation']","['short-cut', 'formula', 'standard', 'deviation']",short-cut formula standard deviation,short-cut; formula; standard; deviation
Merenda P.F.; Jackson R.M.,RELATIONSHIP BETWEEN FOURTH GRADE AND SEVENTH GRADE PERFORMANCE ON THE IOWA TESTS OF BASIC SKILLS,1968,5,"['RELATIONSHIP', 'FOURTH', 'GRADE', 'SEVENTH', 'GRADE', 'performance', 'IOWA', 'basic', 'skill']","['relationship', 'fourth', 'grade', 'seventh', 'grade', 'performance', 'iowa', 'basic', 'skill']",relationship fourth grade seventh grade performance iowa basic skill,relationship; fourth-grade; seventh-grade; performance; iowa; basic; skill
Sax G.; Collet L.S.,AN EMPIRICAL COMPARISON OF THE EFFECTS OF RECALL AND MULTIPLE?êCHOICE TESTS ON STUDENT ACHIEVEMENT,1968,5,"['EMPIRICAL', 'comparison', 'effect', 'RECALL', 'multiple-choice', 'student', 'achievement']","['empirical', 'comparison', 'effect', 'recall', 'multiple-choice', 'student', 'achievement']",empirical comparison effect recall multiple-choice student achievement,empirical; comparison; effect; recall; multiple-choice; student; achievement
BAIRD L.L.,THE PREDICTION OF GRADES IN OCCUPATIONAL AND ACADEMIC CURRICULA IN 2?êYEAR COLLEGES,1969,6,"['prediction', 'GRADES', 'OCCUPATIONAL', 'academic curricula', '2-year', 'college']","['prediction', 'grades', 'occupational', 'academic', 'curricula', '2?êyear', 'college']",prediction grades occupational academic curricula 2?êyear college,prediction; grades; occupational; academic curricula; 2-year; college
Levine H.G.; McGuire C.,ROLE?êPLAYING AS AN EVALUATIVE TECHNIQUE,1968,5,"['role-playe', 'evaluative', 'TECHNIQUE']","['role-playe', 'evaluative', 'technique']",role-playe evaluative technique,role-playe; evaluative; technique
HivelyII W.; Patterson H.L.; Page S.H.,A ?úUNIVERSE?êDEFINED??SYSTEM OF ARITHMETIC ACHIEVEMENT TESTS,1968,5,"['""', 'universe?êdefined', '""', 'system', 'ARITHMETIC', 'achievement']","['""', 'universe?êdefined', '""', 'system', 'arithmetic', 'achievement']",""" universe?êdefined "" system arithmetic achievement",universe refined; system; arithmetic achievement
Ebbesen J.A.,KINDERGARTEN TEACHER RANKINGS AS PREDICTORS OF ACADEMIC ACHIEVEMENT IN THE PRIMARY GRADES,1968,5,"['KINDERGARTEN', 'teacher', 'ranking', 'predictors', 'academic', 'achievement', 'primary', 'GRADES']","['kindergarten', 'teacher', 'ranking', 'predictors', 'academic', 'achievement', 'primary', 'grades']",kindergarten teacher ranking predictors academic achievement primary grades,kindergarten; teacher; ranking; predictors; academic; achievement; primary; grades
OWENS T.R.; STUFFLEBEAM D.L.,AN EXPERIMENTAL COMPARISON OF ITEM SAMPLING AND EXAMINEE SAMPLING FOR ESTIMATING TEST NORMS,1969,6,"['experimental', 'comparison', 'item', 'SAMPLING', 'EXAMINEE', 'SAMPLING', 'estimate', 'NORMS']","['experimental', 'comparison', 'item', 'sampling', 'examinee', 'sampling', 'estimate', 'norms']",experimental comparison item sampling examinee sampling estimate norms,experimental; comparison; item; sampling; examinee; sampling; estimate; norms
"Davis O.L., Jr; Personke C.R., Jr",EFFECTS OF ADMINISTERING THE METROPOLITAN READINESS TEST IN ENGLISH AND SPANISH TO SPANISH?êSPEAKING SCHOOL ENTRANTS,1968,5,"['effect', 'administer', 'METROPOLITAN', 'READINESS', 'ENGLISH', 'spanish', 'spanish-speake', 'school', 'entrant']","['effect', 'administer', 'metropolitan', 'readiness', 'english', 'spanish', 'spanish-speake', 'school', 'entrant']",effect administer metropolitan readiness english spanish spanish-speake school entrant,effect; administer; metropolitan; readiness; english; spanish; spanish-speake; school; entrant
LINN R.L.,A NOTE ON THE STABILITY OF THE IOWA TESTS OF BASIC SKILLS,1969,6,"['note', 'STABILITY', 'IOWA', 'basic', 'skill']","['note', 'stability', 'iowa', 'basic', 'skill']",note stability iowa basic skill,note; stability; iowa; basic; skill
EAGLE N.; HARRIS A.S.,INTERACTION OF RACE AND TEST ON READING PERFORMANCE SCORES,1969,6,"['interaction', 'RACE', 'ON', 'read', 'PERFORMANCE', 'SCORES']","['interaction', 'race', 'on', 'read', 'performance', 'scores']",interaction race on read performance scores,interaction; race; on; read; performance; scores
Traub R.E.,COMMENT ON GLASS'RESPONSE,1968,5,"['comment', 'glassresponse']","['comment', 'glassresponse']",comment glassresponse,comment; glassresponse
Weigel R.G.; Frazier J.E.,THE EFFECTS OF ?úFEELING??AND ?úBEHAVIOR??INSTRUCTIONS ON RESPONSES TO THE EDWARDS PERSONAL PREFERENCE SCHEDULE,1968,5,"['effect', '""', 'feel', '""', '""', 'behavior', '""', 'instruction', 'response', 'EDWARDS', 'PERSONAL', 'preference', 'schedule']","['effect', '""', 'feel', '""', '""', 'behavior', '""', 'instruction', 'response', 'edwards', 'personal', 'preference', 'schedule']","effect "" feel "" "" behavior "" instruction response edwards personal preference schedule",effect; feel;  behavior;  instruction; response; edwards; personal; preference; schedule
Thorndike R.L.,A VERIFICATION KEY FOR THE THORNDIKE DIMENSIONS OF TEMPERAMENT,1968,5,"['verification', 'key', 'thorndike', 'dimension', 'TEMPERAMENT']","['verification', 'key', 'thorndike', 'dimension', 'temperament']",verification key thorndike dimension temperament,verification; key; thorndike; dimension; temperament
Horn J.L.; Adams D.K.; Levy G.,ON THE CONCEPT VALIDITY OF MMPI SCALES,1968,5,"['CONCEPT', 'VALIDITY', 'MMPI', 'scale']","['concept', 'validity', 'mmpi', 'scale']",concept validity mmpi scale,concept; validity; mmpi; scale
Ebel R.L.,THE RELATION OF ITEM DISCRIMINATION TO TEST RELIABILITY,1967,4,"['RELATION', 'ITEM', 'discrimination', 'RELIABILITY']","['relation', 'item', 'discrimination', 'reliability']",relation item discrimination reliability,item relation; ; discrimination; reliability
Sabers D.L.; Feldt L.S.,AN EMPIRICAL STUDY OF THE EFFECT OF THE CORRECTION FOR CHANCE SUCCESS ON THE RELIABILITY AND VALIDITY OF AN APTITUDE TEST,1968,5,"['EMPIRICAL', 'study', 'effect', 'correction', 'CHANCE', 'SUCCESS', 'RELIABILITY', 'VALIDITY', 'APTITUDE']","['empirical', 'study', 'effect', 'correction', 'chance', 'success', 'reliability', 'validity', 'aptitude']",empirical study effect correction chance success reliability validity aptitude,empirical study; effect; correction; chance; success; reliability; validity; aptitude
"Richards J.M., Jr; Lutz S.W.",PREDICTING STUDENT ACCOMPLISHMENT IN COLLEGE FROM THE ACT ASSESSMENT,1968,5,"['predict', 'student', 'accomplishment', 'COLLEGE', 'ACT', 'assessment']","['predict', 'student', 'accomplishment', 'college', 'act', 'assessment']",predict student accomplishment college act assessment,predict; student; accomplishment; college; act; assessment
DUSEWICZ R.A.; KERSHNER K.M.,A SCALE FOR THE MEASUREMENT OF LATERAL DOMINANCE,1969,6,"['scale', 'lateral', 'dominance']","['scale', 'lateral', 'dominance']",scale lateral dominance,scale; lateral; dominance
Wrightstone J.W.,HOW EFFECTIVE ARE THE ?úMORE EFFECTIVE SCHOOLS??,1968,5,"['effective', '""', 'effective', 'SCHOOLS', '""']","['effective', '""', 'effective', 'schools', '""']","effective "" effective schools ""","effective; ""; effective; schools; """
FREMER J.; ANASTASIO E.J.,COMPUTER?êASSISTED ITEM WRITING?? (SPELLING ITEMS),1969,6,"['computer-assiste', 'ITEM', 'WRITING??', 'SPELLING', 'ITEMS']","['computer-assiste', 'item', 'writing??', 'spelling', 'items']",computer-assiste item writing?? spelling items,computer-assiste; item; writing??; spelling; items
Cleary T.A.; Linn R.L.; Rock D.A.,REPRODUCTION OF TOTAL TEST SCORE THROUGH THE USE OF SEQUENTIAL PROGRAMMED TESTS,1968,5,"['reproduction', 'total', 'score', 'USE', 'SEQUENTIAL', 'PROGRAMMED']","['reproduction', 'total', 'score', 'use', 'sequential', 'programmed']",reproduction total score use sequential programmed,reproduction; total; score; use; sequential; programmed
SIMON W.E.,EXPECTANCY EFFECTS IN THE SCORING OF VOCABULARY ITEMS: A STUDY OF SCORER BIAS,1969,6,"['expectancy', 'effect', 'scoring', 'VOCABULARY', 'items', 'study', 'SCORER', 'BIAS']","['expectancy', 'effect', 'scoring', 'vocabulary', 'items', 'study', 'scorer', 'bias']",expectancy effect scoring vocabulary items study scorer bias,expectancy; effect; scoring; vocabulary; items; study; scorer; bias
INGLE R.B.; DEAMICO G.,THE EFFECT OF PHYSICAL CONDITIONS OF THE TEST ROOM ON STANDARDIZED ACHIEVEMENT TEST SCORES,1969,6,"['effect', 'physical', 'condition', 'room', 'standardized', 'ACHIEVEMENT', 'SCORES']","['effect', 'physical', 'condition', 'room', 'standardized', 'achievement', 'scores']",effect physical condition room standardized achievement scores,effect; physical; condition; room; standardized; achievement; scores
TERWILLIGER J.S.; ANDERSON D.H.,AN EMPIRICAL STUDY OF THE EFFECTS OF STANDARDIZING SCORES IN THE FORMATION OF LINEAR COMPOSITES,1969,6,"['EMPIRICAL', 'study', 'effect', 'STANDARDIZING', 'SCORES', 'formation', 'LINEAR', 'composite']","['empirical', 'study', 'effect', 'standardizing', 'scores', 'formation', 'linear', 'composite']",empirical study effect standardizing scores formation linear composite,empirical; study; effect; standardizing; scores; formation; linear; composite
Glass G.W.,RESPONSE TO TRAUB'S ?úNOTE ON THE RELIABILITY OF RESIDUAL CHANGE SCORES??1968,5,"['RESPONSE', 'TRAUBS', '""', 'note', 'RELIABILITY', 'RESIDUAL', 'CHANGE', 'SCORES', '""']","['response', 'traubs', '""', 'note', 'reliability', 'residual', 'change', 'scores', '""']","response traubs "" note reliability residual change scores ""","response; traubs; ""; note; reliability; residual; change; scores; """,
Grotelueschen A.; Knox A.B.,ANALYSIS OF QUICK WORD TEST AS AN ESTIMATE OF ADULT MENTAL ABILITY,1967,4,"['analysis', 'QUICK', 'WORD', 'estimate', 'adult', 'MENTAL', 'ABILITY']","['analysis', 'quick', 'word', 'estimate', 'adult', 'mental', 'ability']",analysis quick word estimate adult mental ability,analysis; quick; word; estimate; adult; mental; ability
YEE A.H.; KRIEWALL T.,A NEW LOGICAL SCORING KEY FOR THE MINNESOTA TEACHER ATTITUDE INVENTORY,1969,6,"['new', 'LOGICAL', 'scoring', 'key', 'minnesota', 'teacher', 'ATTITUDE', 'INVENTORY']","['new', 'logical', 'scoring', 'key', 'minnesota', 'teacher', 'attitude', 'inventory']",new logical scoring key minnesota teacher attitude inventory,new; logical; scoring; key; minnesota; teacher; attitude; inventory
Slakter M.J.,THE PENALTY FOR NOT GUESSING,1968,5,"['PENALTY', 'guess']","['penalty', 'guess']",penalty guess,penalty; guess
Slakter M.J.,THE EFFECT OF GUESSING STRATEGY ON OBJECTIVE TEST SCORES,1968,5,"['effect', 'GUESSING', 'STRATEGY', 'ON', 'OBJECTIVE', 'SCORES']","['effect', 'guessing', 'strategy', 'on', 'objective', 'scores']",effect guessing strategy on objective scores,effect; guessing; strategy; on; objective; scores
STALLINGS W.M.; ANDERSON F.E.,SOME CHARACTERISTICS AND CORRELATES OF THE MEIER ART TEST OF AESTHETIC PERCEPTION UNDER TWO SYSTEMS OF SCORING,1969,6,"['CHARACTERISTICS', 'correlate', 'MEIER', 'ART', 'AESTHETIC', 'perception', 'systems', 'scoring']","['characteristics', 'correlate', 'meier', 'art', 'aesthetic', 'perception', 'systems', 'scoring']",characteristics correlate meier art aesthetic perception systems scoring,characteristics; correlate; meier; art; aesthetic; perception; systems; scoring
LUNNEBORG C.E.; LUNNEBORG P.W.,DEVIATIONS FROM PREDICTED GROWTH OF ABILITIES FOR MALE AND FEMALE COLLEGE STUDENTS,1969,6,"['deviation', 'PREDICTED', 'growth', 'ability', 'MALE', 'FEMALE', 'COLLEGE', 'student']","['deviation', 'predicted', 'growth', 'ability', 'male', 'female', 'college', 'student']",deviation predicted growth ability male female college student,deviation; predicted; growth; ability; male; female; college; student
Khan S.B.,THE RELATIVE MAGNITUDE OF SPEED AND POWER IN SCAT,1968,5,"['RELATIVE', 'MAGNITUDE', 'speed', 'POWER', 'SCAT']","['relative', 'magnitude', 'speed', 'power', 'scat']",relative magnitude speed power scat,relative; magnitude; speed; power; scat
Perlberg A.,PREDICTING ACADEMIC ACHIEVEMENTS OF ENGINEERING AND SCIENCE COLLEGE STUDENTS,1967,4,"['predict', 'academic', 'achievement', 'engineering', 'SCIENCE', 'COLLEGE', 'student']","['predict', 'academic', 'achievement', 'engineering', 'science', 'college', 'student']",predict academic achievement engineering science college student,predict; academic; achievement; engineering; science; college; student
Bashaw W.L.,A NOTE ON CORRECTING ITEM?êTOTAL CORRELATIONS,1968,5,"['note', 'CORRECTING', 'item-total', 'CORRELATIONS']","['note', 'correcting', 'item-total', 'correlations']",note correcting item-total correlations,note; correcting; item-total; correlations
Fremer J.; Coffman W.E.; Taylor P.H.,THE COLLEGE BOARD SCHOLASTIC APTITUDE TEST AS A PREDICTOR OF ACADEMIC ACHIEVEMENT IN SECONDARY SCHOOLS IN ENGLAND,1968,5,"['COLLEGE', 'board', 'SCHOLASTIC', 'APTITUDE', 'predictor', 'ACADEMIC', 'achievement', 'SECONDARY', 'SCHOOLS', 'ENGLAND']","['college', 'board', 'scholastic', 'aptitude', 'predictor', 'academic', 'achievement', 'secondary', 'schools', 'england']",college board scholastic aptitude predictor academic achievement secondary schools england,college; board; scholastic; aptitude; predictor; academic; achievement; secondary; schools; england
Hills J.R.; Gladney M.B.,FACTORS INFLUENCING COLLEGE GRADING STANDARDS,1968,5,"['FACTORS', 'influence', 'COLLEGE', 'GRADING', 'STANDARDS']","['factors', 'influence', 'college', 'grading', 'standards']",factors influence college grading standards,factors; influence; college; grading; standards
Rippey R.,PROBABILISTIC TESTING,1968,5,['PROBABILISTIC'],['probabilistic'],probabilistic,probabilistic
QUARTER J.J.; LAXER R.M.,SEX DIFFERENCES IN THE TAYLOR MANIFEST ANXIETY SCALE,1969,6,"['sex', 'difference', 'TAYLOR', 'MANIFEST', 'ANXIETY', 'SCALE']","['sex', 'difference', 'taylor', 'manifest', 'anxiety', 'scale']",sex difference taylor manifest anxiety scale,sex; difference; taylor; manifest; anxiety; scale
Smith R.B.,AN EMPIRICAL EXAMINATION OF THE ASSUMPTIONS UNDERLYING THE TAXONOMY OF EDUCATIONAL OBJECTIVES: COGNITIVE DOMAIN,1968,5,"['EMPIRICAL', 'examination', 'assumption', 'underlie', 'TAXONOMY', 'EDUCATIONAL', 'OBJECTIVES', 'cognitive', 'domain']","['empirical', 'examination', 'assumption', 'underlie', 'taxonomy', 'educational', 'objectives', 'cognitive', 'domain']",empirical examination assumption underlie taxonomy educational objectives cognitive domain,empirical; examination; assumption; underlie; taxonomy; educational; objectives; cognitive; domain
ABRAMSON T.,THE INFLUENCE OF EXAMINER RACE ON FIRST?êGRADE AND KINDERGARTEN SUBJECTS' PEABODY PICTURE VOCABULARY TEST SCORES,1969,6,"['INFLUENCE', 'EXAMINER', 'RACE', 'ON', 'FIRST?êGRADE', 'KINDERGARTEN', 'subjects', 'peabody', 'PICTURE', 'VOCABULARY', 'TEST', 'SCORES']","['influence', 'examiner', 'race', 'on', 'first-grade', 'kindergarten', 'subjects', 'peabody', 'picture', 'vocabulary', 'test', 'scores']",influence examiner race on first-grade kindergarten subjects peabody picture vocabulary test scores,influence; examiner; race; on; first-grade; kindergarten; subjects; peabody; picture; vocabulary; test; scores
SHOEMAKER D.M.,NOTE ON THE ATTENUATING EFFECT OF ZERO?êVARIANCE ITEMS ON KR??0,1969,6,"['note', 'attenuating', 'effect', 'zero-variance', 'items', 'ON', 'KR??0']","['note', 'attenuating', 'effect', 'zero-variance', 'items', 'on', 'kr??0']",note attenuating effect zero-variance items on kr??0,note; attenuating; effect; zero-variance; items; on; kr??0
FINCH C.R.,AN INSTRUMENT TO ASSESS STUDENT ATTITUDE TOWARD INSTRUCTION,1969,6,"['instrument', 'assess', 'student', 'attitude', 'INSTRUCTION']","['instrument', 'assess', 'student', 'attitude', 'instruction']",instrument assess student attitude instruction,instrument; assess; student; attitude; instruction
MARSHALL J.C.; POWERS J.M.,"WRITING NEATNESS, COMPOSITION ERRORS, AND ESSAY GRADES",1969,6,"['write', 'NEATNESS', 'COMPOSITION', 'ERRORS', 'essay', 'GRADES']","['write', 'neatness', 'composition', 'errors', 'essay', 'grades']",write neatness composition errors essay grades,write; neatness; composition; errors; essay; grades
Bormuth J.R.,CLOZE TEST READABILITY: CRITERION REFERENCE SCORES,1968,5,"['cloze', 'READABILITY', 'CRITERION', 'REFERENCE', 'SCORES']","['cloze', 'readability', 'criterion', 'reference', 'scores']",cloze readability criterion reference scores,cloze; readability; criterion; reference; scores
Raun J.R.; Asta P.,EFFECTS OF FAKING INSTRUCTIONS ON SALES MOTIVATION INVENTORY SCORES,1968,5,"['effect', 'fake', 'instruction', 'SALES', 'MOTIVATION', 'INVENTORY', 'SCORES']","['effect', 'fake', 'instruction', 'sales', 'motivation', 'inventory', 'scores']",effect fake instruction sales motivation inventory scores,effect; fake; instruction; sales; motivation; inventory; scores
Ryan J.J.,TEACHER JUDGMENTS OF TEST ITEM PROPERTIES,1968,5,"['teacher', 'judgment', 'ITEM', 'property']","['teacher', 'judgment', 'item', 'property']",teacher judgment item property,teacher; judgment; item; property
Hilton T.L.; Myers A.E.,"PERSONAL BACKGROUND, EXPERIENCE AND SCHOOL ACHIEVEMENT: AN INVESTIGATION OF THE CONTRIBUTION OF QUESTIONNAIRE DATA TO ACADEMIC PREDICTION",1967,4,"['personal', 'BACKGROUND', 'experience', 'SCHOOL', 'ACHIEVEMENT', 'AN', 'investigation', 'CONTRIBUTION', 'QUESTIONNAIRE', 'datum', 'ACADEMIC', 'prediction']","['personal', 'background', 'experience', 'school', 'achievement', 'an', 'investigation', 'contribution', 'questionnaire', 'datum', 'academic', 'prediction']",personal background experience school achievement an investigation contribution questionnaire datum academic prediction,personal; background; experience; school; achievement; an; investigation; contribution; questionnaire; datum; academic; prediction
ROCK D.A.; EVANS F.R.; KLEIN S.P.,PREDICTING MULTIPLE CRITERIA OF CREATIVE ACHIEVEMENTS WITH MODERATOR VARIABLES,1969,6,"['predict', 'MULTIPLE', 'CRITERIA', 'creative', 'achievement', 'moderator', 'VARIABLES']","['predict', 'multiple', 'criteria', 'creative', 'achievement', 'moderator', 'variables']",predict multiple criteria creative achievement moderator variables,predict; multiple; criteria; creative; achievement; moderator; variables
Brown F.G.; Scott D.A.,DIFFERENTIAL PREDICTABILITY IN COLLEGE ADMISSIONS TESTING,1967,4,"['DIFFERENTIAL', 'PREDICTABILITY', 'COLLEGE', 'ADMISSIONS', 'testing']","['differential', 'predictability', 'college', 'admissions', 'testing']",differential predictability college admissions testing,differential; predictability; college; admissions; testing
Uhl N.P.; Dayton C.M.,THE PREDICTION OF HIGH SCHOOL ACADEMIC PERFORMANCE USING VOCATIONAL INVENTORY SCORES,1968,5,"['prediction', 'high', 'SCHOOL', 'academic', 'performance', 'VOCATIONAL', 'INVENTORY', 'SCORES']","['prediction', 'high', 'school', 'academic', 'performance', 'vocational', 'inventory', 'scores']",prediction high school academic performance vocational inventory scores,prediction; high; school; academic; performance; vocational; inventory; scores
Cleary T.A.,TEST BIAS: PREDICTION OF GRADES OF NEGRO AND WHITE STUDENTS IN INTEGRATED COLLEGES,1968,5,"['TEST', 'BIAS', 'PREDICTION', 'GRADES', 'NEGRO', 'white', 'student', 'INTEGRATED', 'COLLEGES']","['test', 'bias', 'prediction', 'grades', 'negro', 'white', 'student', 'integrated', 'colleges']",test bias prediction grades negro white student integrated colleges,test; bias; prediction; grades; negro; white; student; integrated; colleges
Anastasiow NicholaSJ.; Hansen D.,LINGUISTIC READING TEST NUMBER II,1968,5,"['linguistic', 'read', 'NUMBER', 'II']","['linguistic', 'read', 'number', 'ii']",linguistic read number ii,linguistic; read; number; ii
ROBINSON L.; SELIGMAN R.,A SCALE FOR MEASURING CAMPUS MORALE,1969,6,"['scale', 'measure', 'campus', 'MORALE']","['scale', 'measure', 'campus', 'morale']",scale measure campus morale,scale; measure; campus; morale
HASTINGS J.T.,THE KITH AND KIN OF EDUCATIONAL MEASURERS,1969,6,"['KITH', 'KIN', 'EDUCATIONAL', 'measurer']","['kith', 'kin', 'educational', 'measurer']",kith kin educational measurer,kith; kin; educational; measurer
Severinsen K.N.,"A.C.T., W.A.I.S. TEST SCORES AND COLLEGE GRADES",1968,5,"['ACT', 'WAIS', 'SCORES', 'COLLEGE', 'GRADES']","['act', 'wais', 'scores', 'college', 'grades']",act wais scores college grades,act; wais; scores; college; grades
Hills J.R.; Gladney M.B.,PREDICTING GRADES FROM BELOW CHANCE TEST SCORES,1968,5,"['predict', 'GRADES', 'CHANCE', 'SCORES']","['predict', 'grades', 'chance', 'scores']",predict grades chance scores,predict; grades; chance; scores
Beggs D.L.; Hieronymus A.N.,UNIFORMITY OF GROWTH IN THE BASIC SKILLS THROUGHOUT THE SCHOOL YEAR AND DURING THE SUMMER,1968,5,"['UNIFORMITY', 'growth', 'basic', 'SKILLS', 'SCHOOL', 'year', 'SUMMER']","['uniformity', 'growth', 'basic', 'skills', 'school', 'year', 'summer']",uniformity growth basic skills school year summer,uniformity; growth; basic; skills; school; year; summer
SABERS D.L.; WHITE G.W.,THE EFFECT OF DIFFERENTIAL WEIGHTING OF INDIVIDUAL ITEM RESPONSES ON THE PREDICTIVE VALIDITY AND RELIABILITY OF AN APTITUDE TEST,1969,6,"['effect', 'DIFFERENTIAL', 'WEIGHTING', 'INDIVIDUAL', 'ITEM', 'response', 'predictive', 'VALIDITY', 'RELIABILITY', 'APTITUDE']","['effect', 'differential', 'weighting', 'individual', 'item', 'response', 'predictive', 'validity', 'reliability', 'aptitude']",effect differential weighting individual item response predictive validity reliability aptitude,effect; differential; weighting; individual; item; response; predictive; validity; reliability; aptitude
POE C.A.,CONVERGENT AND DISCRIMINANT VALIDATION OF MEASURES OF PERSONAL NEEDS,1969,6,"['convergent', 'DISCRIMINANT', 'validation', 'MEASURES', 'PERSONAL', 'NEEDS']","['convergent', 'discriminant', 'validation', 'measures', 'personal', 'needs']",convergent discriminant validation measures personal needs,convergent; discriminant; validation; measures; personal; needs
Klein S.P.; Hart F.M.,CHANCE AND SYSTEMATIC FACTORS AFFECTING ESSAY GRADES,1968,5,"['CHANCE', 'SYSTEMATIC', 'FACTORS', 'affect', 'ESSAY', 'GRADES']","['chance', 'systematic', 'factors', 'affect', 'essay', 'grades']",chance systematic factors affect essay grades,chance; systematic; factors; affect; essay; grades
Dick W.,A METHODOLOGY FOR THE FORMATIVE EVALUATION OF INSTRUCTIONAL MATERIALS,1968,5,"['methodology', 'formative', 'evaluation', 'instructional', 'material']","['methodology', 'formative', 'evaluation', 'instructional', 'material']",methodology formative evaluation instructional material,methodology; formative; evaluation; instructional; material
FERRIS M.J.; NICHOLS D.G.,THE EFFECTS OF FOUR METHODS OF ADMINISTRATION ON TEST ACHIEVEMENT,1969,6,"['effect', 'FOUR', 'METHODS', 'ADMINISTRATION', 'ON', 'ACHIEVEMENT']","['effect', 'four', 'methods', 'administration', 'on', 'achievement']",effect four methods administration on achievement,effect; four; methods; administration; on; achievement
Clark C.A.,THE USE OF SEPARATE ANSWER SHEETS IN TESTING SLOW?êLEARNING PUPILS,1968,5,"['separate', 'answer', 'sheets', 'testing', 'slow-learning', 'PUPILS']","['separate', 'answer', 'sheets', 'testing', 'slow-learning', 'pupils']",separate answer sheets testing slow-learning pupils,separate; answer; sheets; testing; slow-learning; pupils
Michael J.J.,THE RELIABILITY OF A MULTIPLE?êCHOICE EXAMINATION UNDER VARIOUS TEST?êTAKING INSTRUCTIONS,1968,5,"['RELIABILITY', 'multiple-choice', 'examination', 'test-taking', 'instruction']","['reliability', 'multiple-choice', 'examination', 'test-taking', 'instruction']",reliability multiple-choice examination test-taking instruction,reliability; multiple-choice; examination; test-taking; instruction
Terwilliger J.S.,INDIVIDUAL DIFFERENCES IN THE MARKING PRACTICES OF SECONDARY SCHOOL TEACHERS,1968,5,"['INDIVIDUAL', 'difference', 'MARKING', 'PRACTICES', 'SECONDARY', 'SCHOOL', 'teacher']","['individual', 'difference', 'marking', 'practices', 'secondary', 'school', 'teacher']",individual difference marking practices secondary school teacher,individual; difference; marking; practices; secondary; school; teacher
Gupta R.K.,CERTAIN TECHNIQUES OF MULTIVARIATE ANALYSIS APPLIED TO DIFFERENT MEASURES OF INTER?êITEM RELATIONSHIPS FOR DEVELOPING UNIFACTOR TESTS,1968,5,"['CERTAIN', 'techniques', 'multivariate', 'analysis', 'APPLIED', 'different', 'measures', 'inter-item', 'RELATIONSHIPS', 'develop', 'UNIFACTOR']","['certain', 'techniques', 'multivariate', 'analysis', 'applied', 'different', 'measures', 'inter-item', 'relationships', 'develop', 'unifactor']",certain techniques multivariate analysis applied different measures inter-item relationships develop unifactor,certain; techniques; multivariate; analysis; applied; different; measures; inter-item; relationships; develop; unifactor
Braun J.R.; Faro D.L.,EFFECTIVENESS OF THE CALIFORNIA STUDY METHODS SURVEY VERIFICATION KEY IN DETECTING FAKING,1968,5,"['EFFECTIVENESS', 'CALIFORNIA', 'study', 'METHODS', 'SURVEY', 'verification', 'key', 'detect', 'fake']","['effectiveness', 'california', 'study', 'methods', 'survey', 'verification', 'key', 'detect', 'fake']",effectiveness california study methods survey verification key detect fake,effectiveness; california; study; methods; survey; verification; key; detect; fake
Ebel R.L.,BLIND GUESSING ON OBJECTIVE ACHIEVEMENT TESTS,1968,5,"['BLIND', 'guess', 'objective', 'achievement']","['blind', 'guess', 'objective', 'achievement']",blind guess objective achievement,blind; guess; objective; achievement
Moore J.C.,THE APPLICATION OF TRANSMITTER?êRECEIVER UNITS IN TEST ADMINISTRATION PROGRAMS,1968,5,"['application', 'TRANSMITTER?êRECEIVER', 'unit', 'TEST', 'ADMINISTRATION', 'PROGRAMS']","['application', 'transmitter; ceceiver', 'unit', 'test', 'administration', 'programs']",application transmitter; ceceiver unit test administration programs,application; transmitter; ceceiver; unit; test; administration; programs
EBEL R.L.,THE RELATION OF SCALE FINENESS TO GRADE ACCURACY,1969,6,"['RELATION', 'SCALE', 'FINENESS', 'GRADE', 'ACCURACY']","['relation', 'scale', 'fineness', 'grade', 'accuracy']",relation scale fineness grade accuracy,relation; scale; fineness; grade; accuracy
Lehmann I.J.; Rogers B.G.,"COGNITIVE, AFFECTIVE, AND BIOGRAPHICAL CHARACTERISTICS OF ?úON TIME??AND ?úLATE??COLLEGE GRADUATES",1968,5,"['cognitive', 'affective', 'BIOGRAPHICAL', 'CHARACTERISTICS', '""', 'ON', 'TIME', '""', '""', 'late', '""', 'COLLEGE', 'graduate']","['cognitive', 'affective', 'biographical', 'characteristics', '""', 'on', 'time', '""', '""', 'late', '""', 'college', 'graduate']","cognitive affective biographical characteristics "" on time "" "" late "" college graduate","cognitive; affective; biographical; characteristics; ""; on; time; ""; ""; late; ""; college; graduate"
Ebel R.L.,THE VALUE OF INTERNAL CONSISTENCY IN CLASSROOM EXAMINATIONS,1968,5,"['value', 'INTERNAL', 'CONSISTENCY', 'CLASSROOM', 'EXAMINATIONS']","['value', 'internal', 'consistency', 'classroom', 'examinations']",value internal consistency classroom examinations,value; internal; consistency; classroom; examinations
CASHEN V.M.; RAMSEYER G.C.,THE USE OF SEPARATE ANSWER SHEETS BY PRIMARY AGE CHILDREN,1969,6,"['separate', 'answer', 'sheets', 'BY', 'PRIMARY', 'AGE', 'CHILDREN']","['separate', 'answer', 'sheets', 'by', 'primary', 'age', 'children']",separate answer sheets by primary age children,separate; answer; sheets; by; primary; age; children
Wofford J.C.,THE EFFECTS OF ITEM ANALYSIS METHODS AND CONFIDENCE LEVELS UPON TEST VALIDITY AND CROSS?êVALIDITY,1968,5,"['effect', 'ITEM', 'ANALYSIS', 'METHODS', 'CONFIDENCE', 'LEVELS', 'UPON', 'VALIDITY', 'cross-validity']","['effect', 'item', 'analysis', 'methods', 'confidence', 'levels', 'upon', 'validity', 'cross-validity']",effect item analysis methods confidence levels upon validity cross-validity,effect; item; analysis; methods; confidence; levels; upon; validity; cross-validity
Baggaley A.R.; Campbell J.P.,MULTIPLE?êDISCRIMINANT ANALYSIS OF ACADEMIC CURRICULA BY INTEREST AND APTITUDE VARIABLES,1967,4,"['MULTIPLE?êDISCRIMINANT', 'ANALYSIS', 'academic', 'curricula', 'interest', 'APTITUDE', 'VARIABLES']","['multiple?êdiscriminant', 'analysis', 'academic', 'curricula', 'interest', 'aptitude', 'variables']",multiple?êdiscriminant analysis academic curricula interest aptitude variables,multiple?êdiscriminant; analysis; academic; curricula; interest; aptitude; variables
Horn J.L.,IS IT REASONABLE FOR ASSESSMENTS TO HAVE DIFFERENT PSYCHOMETRIC PROPERTIES THAN PREDICTORS?,1968,5,"['reasonable', 'assessment', 'different', 'psychometric', 'PROPERTIES', 'predictors']","['reasonable', 'assessment', 'different', 'psychometric', 'properties', 'predictors']",reasonable assessment different psychometric properties predictors,reasonable; assessment; different; psychometric; properties; predictors
Lunneborg C.E.,BIOGRAPHIC VARIABLES IN DIFFERENTIAL vs. ABSOLUTE PREDICTION,1968,5,"['BIOGRAPHIC', 'VARIABLES', 'DIFFERENTIAL', 'vs', 'ABSOLUTE', 'prediction']","['biographic', 'variables', 'differential', 'vs', 'absolute', 'prediction']",biographic variables differential vs absolute prediction,biographic; variables; differential; vs; absolute; prediction
RENZULLI J.S.; PAULUS D.H.,A CROSS?êVALIDATION STUDY OF THE ITEM ORDERING OF THE PEABODY PICTURE VOCABULARY TEST,1969,6,"['cross-validation', 'study', 'ITEM', 'ordering', 'PEABODY', 'PICTURE', 'VOCABULARY']","['cross-validation', 'study', 'item', 'ordering', 'peabody', 'picture', 'vocabulary']",cross-validation study item ordering peabody picture vocabulary,cross-validation; study; item; ordering; peabody; picture; vocabulary
Chase C.I.,THE IMPACT OF SOME OBVIOUS VARIABLES ON ESSAY TEST SCORES,1968,5,"['impact', 'obvious', 'VARIABLES', 'ON', 'ESSAY', 'TEST', 'SCORES']","['impact', 'obvious', 'variables', 'on', 'essay', 'test', 'scores']",impact obvious variables on essay test scores,impact; obvious; variables; on; essay; test; scores
Johnson R.E.; Rosenthal E.,INFLUENCE OF GUESSING ON MEASUREMENTS OF IMMEDIATE AND DELAYED RETENTION,1968,5,"['influence', 'guess', 'immediate', 'delayed', 'retention']","['influence', 'guess', 'immediate', 'delayed', 'retention']",influence guess immediate delayed retention,influence; guess; immediate; delayed; retention
CLEARY T.A.; LINN R.L.,A NOTE ON THE RELATIVE SIZES OF THE STANDARD ERRORS OF TWO RELIABILITY ESTIMATES,1969,6,"['note', 'relative', 'sizes', 'standard', 'ERRORS', 'RELIABILITY', 'estimate']","['note', 'relative', 'sizes', 'standard', 'errors', 'reliability', 'estimate']",note relative sizes standard errors reliability estimate,note; relative; sizes; standard; errors; reliability; estimate
Smith R.B.,A DISCUSSION OF AN ATTEMPT AT CONSTRUCTING REPRODUCIBLE ITEM SETS,1968,5,"['discussion', 'attempt', 'CONSTRUCTING', 'REPRODUCIBLE', 'ITEM', 'sets']","['discussion', 'attempt', 'constructing', 'reproducible', 'item', 'sets']",discussion attempt constructing reproducible item sets,discussion; attempt; constructing; reproducible; item; sets
Ohnmacht F.W.,CORRELATES OF CHANGE IN ACADEMIC ACHIEVEMENT,1968,5,"['correlate', 'change', 'ACADEMIC', 'ACHIEVEMENT']","['correlate', 'change', 'academic', 'achievement']",correlate change academic achievement,correlate; change; academic; achievement
Heath R.W.; Janssen D.R.; Fortna R.O.; Bianchini J.C.; Young M.R.,THE USE OF ACHIEVEMENT AND ABILITY TEST AVERAGES,1967,4,"['achievement', 'ABILITY', 'AVERAGES']","['achievement', 'ability', 'averages']",achievement ability averages,achievement; ability; averages
POPHAM W.J.; HUSEK T.R.,IMPLICATIONS OF CRITERION?êREFERENCED MEASUREMENT,1969,6,"['implication', 'criterion; ceferenced']","['implication', 'criterion; ceferenced']",implication criterion; ceferenced,implication; criterion; ceferenced
Rothman A.I.,THE FACTOR ANALYSIS OF A SCIENCE?êRELATED SEMANTIC DIFFERENTIAL INSTRUMENT,1968,5,"['factor', 'analysis', 'science; celated', 'SEMANTIC', 'DIFFERENTIAL', 'INSTRUMENT']","['factor', 'analysis', 'science; celated', 'semantic', 'differential', 'instrument']",factor analysis science; celated semantic differential instrument,factor; analysis; science; celated; semantic; differential; instrument
Veldman D.J.,"EFFECTS OF SEX, APTITUDES, AND ATTITUDES ON THE ACADEMIC ACHIEVEMENT OF COLLEGE FRESHMEN",1968,5,"['effect', 'sex', 'APTITUDES', 'ATTITUDES', 'ACADEMIC', 'achievement', 'COLLEGE', 'FRESHMEN']","['effect', 'sex', 'aptitudes', 'attitudes', 'academic', 'achievement', 'college', 'freshmen']",effect sex aptitudes attitudes academic achievement college freshmen,effect; sex; aptitudes; attitudes; academic; achievement; college; freshmen
SMITH T.A.; SHAW C.N.,STRUCTURAL ANALYSIS AS AN AID IN DESIGNING AN INSTRUCTIONAL SYSTEM,1969,6,"['STRUCTURAL', 'ANALYSIS', 'aid', 'DESIGNING', 'instructional', 'system']","['structural', 'analysis', 'aid', 'designing', 'instructional', 'system']",structural analysis aid designing instructional system,structural; analysis; aid; designing; instructional; system
THOMAS C.L.; STANLEY J.C.,EFFECTIVENESS OF HIGH SCHOOL GRADES FOR PREDICTING COLLEGE GRADES OF BLACK STUDENTS: A REVIEW AND DISCUSSION,1969,6,"['EFFECTIVENESS', 'high', 'SCHOOL', 'GRADES', 'predict', 'COLLEGE', 'GRADES', 'BLACK', 'student', 'A', 'REVIEW', 'discussion']","['effectiveness', 'high', 'school', 'grades', 'predict', 'college', 'grades', 'black', 'student', 'a', 'review', 'discussion']",effectiveness high school grades predict college grades black student a review discussion,effectiveness; high; school; grades; predict; college; grades; black; student; a; review; discussion
Lunneborg C.E.,USE OF FACTOR SCORES IN DIFFERENTIAL PREDICTION OF ACADEMIC SUCCESS,1968,5,"['factor', 'SCORES', 'DIFFERENTIAL', 'PREDICTION', 'academic', 'success']","['factor', 'scores', 'differential', 'prediction', 'academic', 'success']",factor scores differential prediction academic success,factor; scores; differential; prediction; academic; success
SIMON G.B.,COMMENTS ON ?úIMPLICATIONS OF CRITERION?êREFERENCED MEASUREMENT??1969,6,"['comment', '""', 'implication', 'CRITERION?êREFERENCED', '""']","['comment', '""', 'implication', 'criterion; ceferenced', '""']","comment "" implication criterion; ceferenced ""","comment; ""; implication; criterion; ceferenced; """,
McGuire C.H.; Babbott D.,SIMULATION TECHNIQUE IN THE MEASUREMENT OF PROBLEM?êSOLVING SKILLS,1967,4,"['simulation', 'TECHNIQUE', 'problem-solving', 'SKILLS']","['simulation', 'technique', 'problem-solving', 'skills']",simulation technique problem-solving skills,simulation; technique; problem-solving; skills
Stanley J.C.,RICE AS A PIONEER EDUCATIONAL RESEARCHER,1966,3,"['RICE', 'pioneer', 'EDUCATIONAL', 'researcher']","['rice', 'pioneer', 'educational', 'researcher']",rice pioneer educational researcher,rice; pioneer; educational; researcher
Baker F.B.,THE DATA BANK CONCEPT: A DISSIDENT POINT OF VIEW,1965,2,"['DATA', 'BANK', 'CONCEPT', 'A', 'DISSIDENT', 'point', 'view']","['data', 'bank', 'concept', 'a', 'dissident', 'point', 'view']",data bank concept a dissident point view,data; bank; concept; a; dissident; point; view
Ebel R.L.,SOME MEASUREMENT PROBLEMS IN A NATIONAL ASSESSMENT OF EDUCATIONAL PROGRESS,1966,3,"['problems', 'NATIONAL', 'assessment', 'educational', 'progress']","['problems', 'national', 'assessment', 'educational', 'progress']",problems national assessment educational progress,problems; national; assessment; educational; progress
Glass G.V.,A RANKING VARIABLE ANALOGUE OF BISERIAL CORRELATION: IMPLICATIONS FOR SHORT?êCUT ITEM ANALYSIS,1965,2,"['RANKING', 'variable', 'analogue', 'biserial', 'correlation', 'implication', 'SHORT?êCUT', 'ITEM', 'ANALYSIS']","['ranking', 'variable', 'analogue', 'biserial', 'correlation', 'implication', 'short-cut', 'item', 'analysis']",ranking variable analogue biserial correlation implication short-cut item analysis,ranking; variable; analogue; biserial; correlation; implication; short-cut; item; analysis
Smith H.W.; May W.T.; Lebovitz L.,TESTING EXPERIENCE AND STANFORD?êBINET SCORES,1966,3,"['testing', 'EXPERIENCE', 'STANFORD?êBINET', 'SCORES']","['testing', 'experience', 'stanford?êbinet', 'scores']",testing experience stanford?êbinet scores,testing; experience; stanford?êbinet; scores
Sassenrath J.M.; Pugh R.,RELATIONSHIPS AMONG CEEB SCHOLASTIC APTITUDE TEST AND AMERICAN COLLEGE TEST SCORES AND GRADE POINT AVERAGE,1965,2,"['relationship', 'CEEB', 'SCHOLASTIC', 'APTITUDE', 'AMERICAN', 'COLLEGE', 'SCORES', 'GRADE', 'POINT', 'AVERAGE']","['relationship', 'ceeb', 'scholastic', 'aptitude', 'american', 'college', 'scores', 'grade', 'point', 'average']",relationship ceeb scholastic aptitude american college scores grade point average,relationship; ceeb; scholastic; aptitude; american; college; scores; grade; point; average
Baker F.B.,ORIGINS OF THE ITEM PARAMETERS X50 AND Œ≤ AS A MODERN ITEM ANALYSIS TECHNIQUE,1965,2,"['ORIGINS', 'ITEM', 'PARAMETERS', 'X50', 'Œ≤', 'MODERN', 'ITEM', 'ANALYSIS', 'TECHNIQUE']","['origins', 'item', 'parameters', 'x50', 'Œ≤', 'modern', 'item', 'analysis', 'technique']",origins item parameters x50 Œ≤ modern item analysis technique,origins; item; parameters; x50; Œ≤; modern; item; analysis; technique
Egbert R.L.,THE ROLE OF COMPUTER SIMULATION IN EDUCATION,1965,2,"['ROLE', 'COMPUTER', 'SIMULATION']","['role', 'computer', 'simulation']",role computer simulation,role; computer; simulation
Menne J.W.,TECHNIQUES FOR EVALUATING THE COLLEGE ENVIRONMENT,1967,4,"['technique', 'evaluate', 'COLLEGE', 'ENVIRONMENT']","['technique', 'evaluate', 'college', 'environment']",technique evaluate college environment,technique; evaluate; college; environment
Ellis A.B.,REGIONAL DATA BANKS AND EDUCATION,1965,2,"['REGIONAL', 'datum', 'bank']","['regional', 'datum', 'bank']",regional datum bank,regional; datum; bank
Yett F.A.,THE SIMULATION OF MANAGEMENT DECISIONS FOR PROFESSIONAL STAFF CONTROL,1965,2,"['SIMULATION', 'management', 'decision', 'PROFESSIONAL', 'STAFF', 'CONTROL']","['simulation', 'management', 'decision', 'professional', 'staff', 'control']",simulation management decision professional staff control,simulation; management; decision; professional; staff; control
Lunneborg C.E.,A RESEARCH REVIEW OF THE WASHINGTON PRE?êCOLLEGE TESTING PROGRAM,1966,3,"['RESEARCH', 'REVIEW', 'WASHINGTON', 'PRE?êCOLLEGE', 'TESTING', 'program']","['research', 'review', 'washington', 'pre-college', 'testing', 'program']",research review washington pre-college testing program,research; review; washington; pre-college; testing; program
Hills J.R.,DIVERSITY AND THE EFFECT OF SELECTIVE ADMISSIONS,1966,3,"['DIVERSITY', 'effect', 'selective', 'admission']","['diversity', 'effect', 'selective', 'admission']",diversity effect selective admission,diversity; effect; selective; admission
"Steel T.B., Jr.",EDUCATION AND THE NEXT GENERATION OF COMPUTERS,1965,2,"['EDUCATION', 'generation', 'computer']","['education', 'generation', 'computer']",education generation computer,education; generation; computer
Brown F.G.; Scott D.A.,THE UNPREDICTABILITY OF PREDICTABILITY,1966,3,"['UNPREDICTABILITY', 'predictability']","['unpredictability', 'predictability']",unpredictability predictability,unpredictability; predictability
Moore J.C.,THE RELATIONSHIP BETWEEN TIME TAKEN TO COMPLETE THE EXAMPLE QUESTIONS AND RAW SCORE ON THE MILLER ANALOGIES TEST,1966,3,"['RELATIONSHIP', 'TIME', 'TAKEN', 'COMPLETE', 'example', 'question', 'raw', 'score', 'MILLER', 'ANALOGIES']","['relationship', 'time', 'taken', 'complete', 'example', 'question', 'raw', 'score', 'miller', 'analogies']",relationship time taken complete example question raw score miller analogies,relationship; time; taken; complete; example; question; raw; score; miller; analogies
Engelhart M.D.; Thomas M.,RICE AS THE INVENTOR OF THE COMPARATIVE TEST,1966,3,"['RICE', 'inventor', 'COMPARATIVE']","['rice', 'inventor', 'comparative']",rice inventor comparative,rice; inventor; comparative
Hills J.R.; Klock J.A.,SETTING CUTOFF SCORES IN SELECTIVE ADMISSIONS,1965,2,"['set', 'cutoff', 'SCORES', 'selective', 'admission']","['set', 'cutoff', 'scores', 'selective', 'admission']",set cutoff scores selective admission,set; cutoff; scores; selective; admission
Traub R.E.,A NOTE ON THE RELIABILITY OF RESIDUAL CHANGE SCORES,1967,4,"['note', 'RELIABILITY', 'RESIDUAL', 'CHANGE', 'SCORES']","['note', 'reliability', 'residual', 'change', 'scores']",note reliability residual change scores,note; reliability; residual; change; scores
Otto W.; McMenemy R.A.,AN APPRAISAL OF THE AMMONS QUICK TEST IN A REMEDIAL READING PROGRAM,1965,2,"['appraisal', 'AMMONS', 'QUICK', 'remedial', 'reading', 'program']","['appraisal', 'ammons', 'quick', 'remedial', 'reading', 'program']",appraisal ammons quick remedial reading program,appraisal; ammons; quick; remedial; reading; program
Cogswell J.F.; Egbert R.L.; Marsh D.G.; Yett F.A.,CONSTRUCTION AND USE OF THE SCHOOL SIMULATION VEHICLE,1965,2,"['construction', 'SCHOOL', 'SIMULATION', 'VEHICLE']","['construction', 'school', 'simulation', 'vehicle']",construction school simulation vehicle,construction; school; simulation; vehicle
Lewis W.A.,EARLY PREDICTION OF COLLEGE GPA USING PRE?êCOLLEGE SCHOOL GRADES,1966,3,"['early', 'PREDICTION', 'COLLEGE', 'GPA', 'PRE?êCOLLEGE', 'SCHOOL', 'GRADES']","['early', 'prediction', 'college', 'gpa', 'pre-college', 'school', 'grades']",early prediction college gpa pre-college school grades,early; prediction; college; gpa; pre-college; school; grades
Macarthur R.S.; Mosychuk H.,LOWER AND UPPER SOCIOECONOMIC GROUP CONTRASTS IN LONG?êTERM PREDICTABILITY OF GRADE NINE ACHIEVEMENT,1966,3,"['low', 'UPPER', 'SOCIOECONOMIC', 'GROUP', 'contrast', 'long-term', 'predictability', 'GRADE', 'NINE', 'achievement']","['low', 'upper', 'socioeconomic', 'group', 'contrast', 'long-term', 'predictability', 'grade', 'nine', 'achievement']",low upper socioeconomic group contrast long-term predictability grade nine achievement,low; upper; socioeconomic; group; contrast; long-term; predictability; grade; nine; achievement
Tenopyr M.L.; Jacobs A.; Michael W.B.,A DIMENSIONAL ANALYSIS OF GUILFORD?êZIMMERMAN TEMPERAMENT SURVEY SCORES RELATIVE TO CONTENT AND RESPONSE STYLE,1966,3,"['dimensional', 'analysis', 'GUILFORD?êZIMMERMAN', 'TEMPERAMENT', 'SURVEY', 'SCORES', 'relative', 'CONTENT', 'RESPONSE', 'STYLE']","['dimensional', 'analysis', 'guilford?êzimmerman', 'temperament', 'survey', 'scores', 'relative', 'content', 'response', 'style']",dimensional analysis guilford?êzimmerman temperament survey scores relative content response style,dimensional; analysis; guilford?êzimmerman; temperament; survey; scores; relative; content; response; style
Wolf R.,EVALUATION OF SEVERAL FORMULAE FOR CORRECTION OF ITEM?êTOTAL CORRELATIONS IN ITEM ANALYSIS,1967,4,"['evaluation', 'FORMULAE', 'correction', 'item-total', 'CORRELATIONS', 'ITEM', 'ANALYSIS']","['evaluation', 'formulae', 'correction', 'item-total', 'correlations', 'item', 'analysis']",evaluation formulae correction item-total correlations item analysis,evaluation; formulae; correction; item-total; correlations; item; analysis
Madaus G.F.; Rippey R.M.,ZEROING IN ON THE STEP WRITING TEST: WHAT DOES IT TELL A TEACHER?,1966,3,"['zero', 'ON', 'step', 'write', 'tell', 'teacher']","['zero', 'on', 'step', 'write', 'tell', 'teacher']",zero on step write tell teacher,zero; on; step; write; tell; teacher
Evans G.T.,GROWTH FACTOR ANALYSIS OF THE IOWA TESTS OF EDUCATIONAL DEVELOPMENT,1967,4,"['GROWTH', 'factor', 'analysis', 'iowa', 'EDUCATIONAL', 'DEVELOPMENT']","['growth', 'factor', 'analysis', 'iowa', 'educational', 'development']",growth factor analysis iowa educational development,growth; factor; analysis; iowa; educational; development
Hjelm H.F.,A NATIONAL DATA BANK ??THE U.S. OFFICE OF EDUCATION,1965,2,"['NATIONAL', 'DATA', 'BANK', '??, 'US', 'OFFICE']","['national', 'data', 'bank', '??, 'us', 'office']",national data bank ??us office,national; data; bank; ?? us; office
Coulson J.E.; Cogswell J.F.,EFFECTS OF INDIVIDUALIZED INSTRUCTION ON TESTING,1965,2,"['effect', 'individualized', 'instruction', 'ON', 'testing']","['effect', 'individualized', 'instruction', 'on', 'testing']",effect individualized instruction on testing,effect; individualized; instruction; on; testing
Graham P.A.,JOSEPH MAYER RICE AS A FOUNDER OF THE PROGRESSIVE EDUCATION MOVEMENT,1966,3,"['JOSEPH', 'MAYER', 'RICE', 'founder', 'PROGRESSIVE', 'EDUCATION', 'MOVEMENT']","['joseph', 'mayer', 'rice', 'founder', 'progressive', 'education', 'movement']",joseph mayer rice founder progressive education movement,joseph; mayer; rice; founder; progressive; education; movement
Forbes J.,OPERATIONAL GAMING AND DECISION SIMULATION,1965,2,"['operational', 'gaming', 'decision', 'simulation']","['operational', 'gaming', 'decision', 'simulation']",operational gaming decision simulation,operational; gaming; decision; simulation
Weitman M.,ITEM CHARACTERISTICS AND LONG?êTERM RETENTION,1965,2,"['ITEM', 'CHARACTERISTICS', 'LONG?êTERM', 'retention']","['item', 'characteristics', 'long-term', 'retention']",item characteristics long-term retention,item; characteristics; long-term; retention
Carver R.P.; DuBois P.H.,THE RELATIONSHIP BETWEEN LEARNING AND INTELLIGENCE,1967,4,"['RELATIONSHIP', 'LEARNING', 'INTELLIGENCE']","['relationship', 'learning', 'intelligence']",relationship learning intelligence,relationship; learning; intelligence
Caldwell E.; Hartnett R.,SEX BIAS IN COLLEGE GRADING?,1967,4,"['SEX', 'BIAS', 'COLLEGE', 'GRADING']","['sex', 'bias', 'college', 'grading']",sex bias college grading,sex; bias; college; grading
Hopkins K.D.; Lefever D.W.; Hopkins B.R.,TV VS. TEACHER ADMINISTRATION OF STANDARDIZED TESTS: COMPARABILITY OF SCORES,1967,4,"['tv', 'VS', 'teacher', 'ADMINISTRATION', 'standardized', 'comparability', 'scores']","['tv', 'vs', 'teacher', 'administration', 'standardized', 'comparability', 'scores']",tv vs teacher administration standardized comparability scores,tv; vs; teacher; administration; standardized; comparability; scores
Stanley J.C.; Porter A.C.,CORRELATION OF SCHOLASTIC APTITUDE TEST SCORE WITH COLLEGE GRADES FOR NEGROES VERSUS WHITES,1967,4,"['correlation', 'SCHOLASTIC', 'APTITUDE', 'score', 'COLLEGE', 'GRADES', 'NEGROES', 'versus', 'white']","['correlation', 'scholastic', 'aptitude', 'score', 'college', 'grades', 'negroes', 'versus', 'white']",correlation scholastic aptitude score college grades negroes versus white,correlation; scholastic; aptitude; score; college; grades; negroes; versus; white
Coffman W.E.,ON THE VALIDITY OF ESSAY TESTS OF ACHIEVEMENT,1966,3,"['VALIDITY', 'essay', 'ACHIEVEMENT']","['validity', 'essay', 'achievement']",validity essay achievement,validity; essay; achievement
Stanley J.C.,ANALYSIS OF VARIANCE OF GAIN SCORES WHEN INITIAL ASSIGNMENT IS RANDOM,1966,3,"['ANALYSIS', 'variance', 'GAIN', 'SCORES', 'INITIAL', 'ASSIGNMENT', 'RANDOM']","['analysis', 'variance', 'gain', 'scores', 'initial', 'assignment', 'random']",analysis variance gain scores initial assignment random,analysis; variance; gain; scores; initial; assignment; random
Dizney H.,CHARACTERISTICS OF CLASSROOM TEST ITEMS IDENTIFIED BY STUDENTS AS ?úUNFAIR??1965,2,"['CHARACTERISTICS', 'CLASSROOM', 'items', 'identify', 'student', '""', 'unfair', '""']","['characteristics', 'classroom', 'items', 'identify', 'student', '""', 'unfair', '""']","characteristics classroom items identify student "" unfair ""","characteristics; classroom; items; identify; student; ""; unfair; """,
Schwarz J.C.,A NEW PROCEDURE FOR ADMINISTERING OBJECTIVE TESTS TO LARGE CLASSES,1967,4,"['new', 'procedure', 'administer', 'objective', 'large', 'class']","['new', 'procedure', 'administer', 'objective', 'large', 'class']",new procedure administer objective large class,new; procedure; administer; objective; large; class
Forehand G.A.,THE ROLE OF THE EVALUATOR IN CURRICULUM RESEARCH,1966,3,"['ROLE', 'EVALUATOR', 'CURRICULUM', 'RESEARCH']","['role', 'evaluator', 'curriculum', 'research']",role evaluator curriculum research,role; evaluator; curriculum; research
Adams S.; Yon Brock R.C.,THE DEVELOPMENT OF THE A?êV SCALE OF ATTITUDES TOWARD MATHEMATICS,1967,4,"['DEVELOPMENT', 'A?êV', 'SCALE', 'ATTITUDES', 'MATHEMATICS']","['development', 'a-v', 'scale', 'attitudes', 'mathematics']",development a-v scale attitudes mathematics,development; a-v; scale; attitudes; mathematics
Schrader W.B.,A TAXONOMY OF EXPECTANCY TABLES,1965,2,"['TAXONOMY', 'EXPECTANCY', 'tables']","['taxonomy', 'expectancy', 'tables']",taxonomy expectancy tables,taxonomy; expectancy; tables
Clark J.L.D.,HEM?êBY?êITEM PARALLEL ACHIVEMENT TESTS FOR DIFFERENT FOREIGN LANGUAGES,1965,2,"['HEM?êBY?êITEM', 'PARALLEL', 'achivement', 'different', 'foreign', 'language']","['hem?êby-item', 'parallel', 'achivement', 'different', 'foreign', 'language']",hem?êby-item parallel achivement different foreign language,hem?êby-item; parallel; achivement; different; foreign; language
Stanley J.C.,GENERAL AND SPECIAL FORMULAS FOR RELIABILITY OF DIFFERENCES,1967,4,"['GENERAL', 'SPECIAL', 'formulas', 'RELIABILITY', 'difference']","['general', 'special', 'formulas', 'reliability', 'difference']",general special formulas reliability difference,general; special; formulas; reliability; difference
Cooley W.W.,THE PROJECT TALENT DATA BANK,1965,2,"['PROJECT', 'talent', 'DATA', 'BANK']","['project', 'talent', 'data', 'bank']",project talent data bank,project; talent; data; bank
Hartnett R.T.; Seligsohn H.C.,THE EFFECTS OF VARYING DEGREES OF ANONYMITY ON RESPONSES TO DIFFERENT TYPES OF PSYCHOLOGICAL QUESTIONNAIRES,1967,4,"['effect', 'VARYING', 'DEGREES', 'ANONYMITY', 'ON', 'response', 'different', 'type', 'PSYCHOLOGICAL', 'QUESTIONNAIRES']","['effect', 'varying', 'degrees', 'anonymity', 'on', 'response', 'different', 'type', 'psychological', 'questionnaires']",effect varying degrees anonymity on response different type psychological questionnaires,effect; varying; degrees; anonymity; on; response; different; type; psychological; questionnaires
Covington M.V.,A CHILDHOOD ATTITUDE INVENTORY FOR PROBLEM SOLVING,1966,3,"['CHILDHOOD', 'ATTITUDE', 'INVENTORY', 'problem', 'solving']","['childhood', 'attitude', 'inventory', 'problem', 'solving']",childhood attitude inventory problem solving,childhood; attitude; inventory; problem; solving
Glass G.V.,FACTORS IN TEACHERS' PERCEPTIONS OF STUDENTS,1967,4,"['factor', 'TEACHERS', 'perception', 'student']","['factor', 'teachers', 'perception', 'student']",factor teachers perception student,factor; teachers; perception; student
Yee A.H.,IS THE MINNESOTA TEACHER ATTITUDE INVENTORY VALID AND HOMOGENEOUS?,1967,4,"['minnesota', 'teacher', 'ATTITUDE', 'INVENTORY', 'VALID', 'HOMOGENEOUS']","['minnesota', 'teacher', 'attitude', 'inventory', 'valid', 'homogeneous']",minnesota teacher attitude inventory valid homogeneous,minnesota; teacher; attitude; inventory; valid; homogeneous
Cox R.C.,ITEM SELECTION TECHNIQUES AND EVALUATION OF INSTRUCTIONAL OBJECTIVES,1965,2,"['ITEM', 'SELECTION', 'TECHNIQUES', 'evaluation', 'instructional', 'objective']","['item', 'selection', 'techniques', 'evaluation', 'instructional', 'objective']",item selection techniques evaluation instructional objective,item; selection; techniques; evaluation; instructional; objective
"Aiken L.R., Jr",ANOTHER LOOK AT WEIGHTING TEST ITEMS,1966,3,"['LOOK', 'WEIGHTING', 'ITEMS']","['look', 'weighting', 'items']",look weighting items,look; weighting; items
Veal L.R.,MEASURING WRITING IMPROVEMENT DURING AN NDEA ENGLISH INSTITUTE,1966,3,"['measure', 'write', 'improvement', 'AN', 'NDEA', 'ENGLISH', 'INSTITUTE']","['measure', 'write', 'improvement', 'an', 'ndea', 'english', 'institute']",measure write improvement an ndea english institute,measure; write; improvement; an; ndea; english; institute
Cox R.C.; Graham G.T.,THE DEVELOPMENT OF A SEQUENTIALLY SCALED ACHIEVEMENT TEST,1966,3,"['DEVELOPMENT', 'sequentially', 'scaled', 'achievement']","['development', 'sequentially', 'scaled', 'achievement']",development sequentially scaled achievement,development; sequentially; scaled; achievement
Lehmann I.J.,Curricular Differences in Selected Cognitive and Affective Characteristics,1965,2,"['Curricular', 'Differences', 'Selected', 'Cognitive', 'Affective', 'Characteristics']","['curricular', 'differences', 'selected', 'cognitive', 'affective', 'characteristics']",curricular differences selected cognitive affective characteristics,curricular; differences; selected; cognitive; affective; characteristics
Stodola Q.C.; Peterson D.E.; Holoien M.O.,SOME PRACTICAL USES OF DATA PROCESSING METHODS IN CLASSROOM TESTING AND STUDENT PERSONNEL SERVICES,1965,2,"['PRACTICAL', 'datum', 'processing', 'METHODS', 'classroom', 'testing', 'student', 'PERSONNEL', 'service']","['practical', 'datum', 'processing', 'methods', 'classroom', 'testing', 'student', 'personnel', 'service']",practical datum processing methods classroom testing student personnel service,practical; datum; processing; methods; classroom; testing; student; personnel; service
Astin A.W.,POTENTIAL USES OF DATA COLLECTED THROUGH MASSIVE TESTING PROGRAMS,1965,2,"['POTENTIAL', 'datum', 'collect', 'massive', 'TESTING', 'PROGRAMS']","['potential', 'datum', 'collect', 'massive', 'testing', 'programs']",potential datum collect massive testing programs,potential; datum; collect; massive; testing; programs
Stake R.E.; Womer F.B.; Hills J.R.,THE ANSWER?êSHEET PURCHASER'S DILEMMA,1966,3,"['answer-sheet', 'purchaser', 'DILEMMA']","['answer-sheet', 'purchaser', 'dilemma']",answer-sheet purchaser dilemma,answer-sheet; purchaser; dilemma
Bartlett C.J.,A FORCED?êCHOICE TEACHER ATTITUDE INVENTORY,1966,3,"['forced-choice', 'teacher', 'ATTITUDE', 'INVENTORY']","['forced-choice', 'teacher', 'attitude', 'inventory']",forced-choice teacher attitude inventory,forced-choice; teacher; attitude; inventory
Linn R.L.,GRADE ADJUSTMENTS FOR PREDICTION OF ACADEMIC PERFORMANCE: A REVIEW,1966,3,"['grade', 'adjustment', 'prediction', 'academic', 'PERFORMANCE', 'REVIEW']","['grade', 'adjustment', 'prediction', 'academic', 'performance', 'review']",grade adjustment prediction academic performance review,grade; adjustment; prediction; academic; performance; review
Kowitz G.T.; Armstrong C.M.,PATTERNS OF ACADEMIC DEVELOPMENT,1965,2,"['PATTERNS', 'ACADEMIC', 'DEVELOPMENT']","['patterns', 'academic', 'development']",patterns academic development,patterns; academic; development
Hastings J.T.,CURRICULUM EVALUATION: THE WHY OF THE OUTCOMES,1966,3,"['CURRICULUM', 'evaluation', 'WHY', 'OUTCOMES']","['curriculum', 'evaluation', 'why', 'outcomes']",curriculum evaluation why outcomes,curriculum; evaluation; why; outcomes
Maberly N.C.,CHARACTERISTICS OF INTERNAL CONSISTENCY ESTIMATES WITHIN RESTRICTED SCORE RANGES,1967,4,"['CHARACTERISTICS', 'INTERNAL', 'consistency', 'estimate', 'RESTRICTED', 'SCORE', 'range']","['characteristics', 'internal', 'consistency', 'estimate', 'restricted', 'score', 'range']",characteristics internal consistency estimate restricted score range,characteristics; internal; consistency; estimate; restricted; score; range
Millman J.; Glass G.V.,RULES OF THUMB FOR WRITING THE ANOVA TABLE,1967,4,"['rule', 'THUMB', 'write', 'ANOVA', 'TABLE']","['rule', 'thumb', 'write', 'anova', 'table']",rule thumb write anova table,rule; thumb; write; anova; table
Grobman H.,THE PLACE OF EVALUATION IN THE BIOLOGICAL SCIENCES CURRICULUM STUDY,1966,3,"['PLACE', 'evaluation', 'BIOLOGICAL', 'SCIENCES', 'curriculum', 'study']","['place', 'evaluation', 'biological', 'sciences', 'curriculum', 'study']",place evaluation biological sciences curriculum study,place; evaluation; biological; sciences; curriculum; study
Gelso C.J.; Klock J.A.,THE ?úACADEMIC??VS. THE ?úTOTAL??HIGH SCHOOL AVERAGE: A RE?êEXAMINATION,1967,4,"['""', 'ACADEMIC', '""', 'VS', '""', 'total', '""', 'high', 'SCHOOL', 'AVERAGE', 'A', 're-examination']","['""', 'academic', '""', 'vs', '""', 'total', '""', 'high', 'school', 'average', 'a', 're-examination']",""" academic "" vs "" total "" high school average a re-examination","""; academic; ""; vs; ""; total; ""; high; school; average; a; re-examination"
Bauernfeind R.H.,"TEACHER PREFERENCES FOR TYPES OF STANDARDIZED TESTS: STUDIES IN THREE ILLINOIS SCHOOL DISTRICTS, 1964??965",1967,4,"['teacher', 'preference', 'type', 'standardized', 'study', 'ILLINOIS', 'SCHOOL', 'district', '1964??965']","['teacher', 'preference', 'type', 'standardized', 'study', 'illinois', 'school', 'district', '1964??965']",teacher preference type standardized study illinois school district 1964??965,teacher; preference; type; standardized; study; illinois; school; district; 1964??965
Hanna G.S.,THE USE OF STUDENTS' PREDICTIONS OF SUCCESS IN GEOMETRY AND YEAR OF HIGH SCHOOL TO AUGMENT PREDICTIONS MADE FROM TEST SCORES AND PAST GRADES,1967,4,"['student', 'prediction', 'success', 'GEOMETRY', 'YEAR', 'high', 'SCHOOL', 'AUGMENT', 'prediction', 'SCORES', 'PAST', 'GRADES']","['student', 'prediction', 'success', 'geometry', 'year', 'high', 'school', 'augment', 'prediction', 'scores', 'past', 'grades']",student prediction success geometry year high school augment prediction scores past grades,student; prediction; success; geometry; year; high; school; augment; prediction; scores; past; grades
Justman J.,ACADEMIC APTITUDE AND READING TEST SCORES OF DISADVANTAGED CHILDREN SHOWING VARYING DEGREES OF MOBILITY,1965,2,"['ACADEMIC', 'APTITUDE', 'read', 'SCORES', 'disadvantaged', 'child', 'VARYING', 'DEGREES', 'MOBILITY']","['academic', 'aptitude', 'read', 'scores', 'disadvantaged', 'child', 'varying', 'degrees', 'mobility']",academic aptitude read scores disadvantaged child varying degrees mobility,academic; aptitude; read; scores; disadvantaged; child; varying; degrees; mobility
Lange A.; Lehmann I.J.; Mehrens W.A.,USING ITEM ANALYSIS TO IMPROVE TESTS,1967,4,"['ITEM', 'analysis', 'improve']","['item', 'analysis', 'improve']",item analysis improve,item; analysis; improve
Furst E.J.,TASKS OF EVALUATION IN AN EXPERIMENTAL ECONOMICS COURSE,1966,3,"['tasks', 'evaluation', 'EXPERIMENTAL', 'ECONOMICS', 'COURSE']","['tasks', 'evaluation', 'experimental', 'economics', 'course']",tasks evaluation experimental economics course,tasks; evaluation; experimental; economics; course
Williamson M.L.; Hopkins K.D.,THE USE OF ?úNONE?êOF?êTHESE??VERSUS HOMOGENEOUS ALTERNATIVES ON MULTIPLE?êCHOICE TESTS: EXPERIMENTAL RELIABILITY AND VALIDITY COMPARISONS,1967,4,"['""', 'none-of-these', '""', 'versus', 'homogeneous', 'alternatives', 'ON', 'multiple-choice', 'experimental', 'RELIABILITY', 'VALIDITY', 'comparison']","['""', 'none-of-these', '""', 'versus', 'homogeneous', 'alternatives', 'on', 'multiple-choice', 'experimental', 'reliability', 'validity', 'comparison']",""" none-of-these "" versus homogeneous alternatives on multiple-choice experimental reliability validity comparison","""; none-of-these; ""; versus; homogeneous; alternatives; on; multiple-choice; experimental; reliability; validity; comparison"
Irwin D.O.,RELIABILITY OF THE WECHSLER INTELLIGENCE SCALE FOR CHILDREN,1966,3,"['reliability', 'wechsler', 'intelligence', 'scale', 'CHILDREN']","['reliability', 'wechsler', 'intelligence', 'scale', 'children']",reliability wechsler intelligence scale children,reliability; wechsler; intelligence; scale; children
Bormuth J.R.,OPTIMUM SAMPLE SIZE AND CLOZE TEST LENGTH IN READABILITY MEASUREMENT,1965,2,"['optimum', 'sample', 'SIZE', 'CLOZE', 'LENGTH', 'READABILITY']","['optimum', 'sample', 'size', 'cloze', 'length', 'readability']",optimum sample size cloze length readability,optimum; sample; size; cloze; length; readability
Saupe J.L.,SELECTING ITEMS TO MEASURE CHANGE,1966,3,"['SELECTING', 'items', 'measure', 'change']","['selecting', 'items', 'measure', 'change']",selecting items measure change,selecting; items; measure; change
Cook D.L.; Stufflebeam D.L.,ESTIMATING TEST NORMS FROM VARIABLE SIZE ITEM AND EXAMINEE SAMPLES,1967,4,"['estimate', 'norms', 'variable', 'SIZE', 'ITEM', 'EXAMINEE', 'samples']","['estimate', 'norms', 'variable', 'size', 'item', 'examinee', 'samples']",estimate norms variable size item examinee samples,estimate; norms; variable; size; item; examinee; samples
Adams J.F.,THE RELIABILITY AND ACCURACY OF COMMERCIAL MACHINE SCORING OF THE STRONG VOCATIONAL INTEREST BLANK,1965,2,"['RELIABILITY', 'ACCURACY', 'commercial', 'machine', 'scoring', 'STRONG', 'VOCATIONAL', 'interest', 'BLANK']","['reliability', 'accuracy', 'commercial', 'machine', 'scoring', 'strong', 'vocational', 'interest', 'blank']",reliability accuracy commercial machine scoring strong vocational interest blank,reliability; accuracy; commercial; machine; scoring; strong; vocational; interest; blank
Madaus G.F.,DIVERGENT THINKING AND INTELLIGENCE: ANOTHER LOOK AT A CONTROVERSIAL QUESTION,1967,4,"['divergent', 'thinking', 'intelligence', 'look', 'CONTROVERSIAL', 'question']","['divergent', 'thinking', 'intelligence', 'look', 'controversial', 'question']",divergent thinking intelligence look controversial question,divergent; thinking; intelligence; look; controversial; question
Stordahl K.E.,PREDICTING GRADES IN A MASTER'S?êDEGREE PROGRAM,1967,4,"['predict', 'GRADES', 'MASTERS?êDEGREE', 'program']","['predict', 'grades', 'masters?êdegree', 'program']",predict grades masters?êdegree program,predict; grades; masters?êdegree; program
Miller D.M.; Lutz M.V.,ITEM DESIGN FOR AN INVENTORY OF TEACHING PRACTICES AND LEARNING SITUATIONS,1966,3,"['ITEM', 'DESIGN', 'inventory', 'teaching', 'PRACTICES', 'learn', 'situation']","['item', 'design', 'inventory', 'teaching', 'practices', 'learn', 'situation']",item design inventory teaching practices learn situation,item; design; inventory; teaching; practices; learn; situation
Tully G.E.; Hall B.W.,NOTE: TEST?êRETEST RELIABILITY OF THE SCHOOL AND COLLEGE ABILITY TEST,1965,2,"['note', 'test; cetest', 'RELIABILITY', 'SCHOOL', 'COLLEGE', 'ABILITY']","['note', 'test; cetest', 'reliability', 'school', 'college', 'ability']",note test; cetest reliability school college ability,note; test; cetest; reliability; school; college; ability
Sax G.; Cromack T.R.,THE EFFECTS OF VARIOUS FORMS OF ITEM ARRANGEMENTS ON TEST PERORMANCE,1966,3,"['effect', 'FORMS', 'ITEM', 'arrangement', 'PERORMANCE']","['effect', 'forms', 'item', 'arrangement', 'perormance']",effect forms item arrangement perormance,effect; forms; item; arrangement; perormance
Merwin J.C.,THE PROGRESS OF EXPLORATION TOWARD A NATIONAL ASSESSMENT OF EDUCATIONAL PROGRESS,1966,3,"['progress', 'exploration', 'NATIONAL', 'assessment', 'educational', 'progress']","['progress', 'exploration', 'national', 'assessment', 'educational', 'progress']",progress exploration national assessment educational progress,progress; exploration; national; assessment; educational; progress
Tyler R.W.,THE OBJECTIVES AND PLANS FOR A NATIONAL ASSESSMENT OF EDUCATIONAL PROGRESS,1966,3,"['OBJECTIVES', 'plan', 'NATIONAL', 'assessment', 'educational', 'progress']","['objectives', 'plan', 'national', 'assessment', 'educational', 'progress']",objectives plan national assessment educational progress,objectives; plan; national; assessment; educational; progress
Horn J.L.,SOME CHARACTERISTICS OF CLASSROOM EXAMINATIONS,1966,3,"['CHARACTERISTICS', 'CLASSROOM', 'examination']","['characteristics', 'classroom', 'examination']",characteristics classroom examination,characteristics; classroom; examination
Goyer R.S.,A TEST TO MEASURE THE ABILITY TO ORGANIZE IDEAS,1967,4,"['measure', 'ability', 'organize', 'idea']","['measure', 'ability', 'organize', 'idea']",measure ability organize idea,measure; ability; organize; idea
Lindholm B.W.,A LONGITUDINAL STUDY OF DEVIATION IQs AND GRADES IN SCHOOL,1965,2,"['LONGITUDINAL', 'study', 'deviation', 'iq', 'GRADES', 'SCHOOL']","['longitudinal', 'study', 'deviation', 'iq', 'grades', 'school']",longitudinal study deviation iq grades school,longitudinal; study; deviation; iq; grades; school
Munday L.,PREDICTING COLLEGE GRADES IN PREDOMINANTLY NEGRO COLLEGES,1965,2,"['predict', 'COLLEGE', 'GRADES', 'PREDOMINANTLY', 'NEGRO', 'COLLEGES']","['predict', 'college', 'grades', 'predominantly', 'negro', 'colleges']",predict college grades predominantly negro colleges,predict; college; grades; predominantly; negro; colleges
Milholland J.E.; Womer F.B.,THE RELATION OF NINTH AND TENTH GRADE DIFFERENTIAL APTITUDE TEST SCORES TO CHOICES OF ACADEMIC MAJORS AT THE UNIVERSITY OF MICHIGAN,1965,2,"['RELATION', 'NINTH', 'TENTH', 'GRADE', 'DIFFERENTIAL', 'APTITUDE', 'SCORES', 'CHOICES', 'academic', 'MAJORS', 'UNIVERSITY', 'MICHIGAN']","['relation', 'ninth', 'tenth', 'grade', 'differential', 'aptitude', 'scores', 'choices', 'academic', 'majors', 'university', 'michigan']",relation ninth tenth grade differential aptitude scores choices academic majors university michigan,relation; ninth; tenth; grade; differential; aptitude; scores; choices; academic; majors; university; michigan
Hills J.R.; Bush M.L.; Klock J.A.,KEEPING COLLEGE PREDICTION EQUATIONS CURRENT,1966,3,"['COLLEGE', 'PREDICTION', 'equation', 'CURRENT']","['college', 'prediction', 'equation', 'current']",college prediction equation current,college; prediction; equation; current
"Goolsby T.M., Jr",DIFFERENTIATING BETWEEN MEASURES OF DIFFERENT OUTCOMES IN THE SOCIAL STUDIES,1966,3,"['differentiating', 'MEASURES', 'different', 'OUTCOMES', 'SOCIAL', 'study']","['differentiating', 'measures', 'different', 'outcomes', 'social', 'study']",differentiating measures different outcomes social study,differentiating; measures; different; outcomes; social; study
Creager J.A.,THE USE OF PUBLICATION CITATIONS IN EDUCATIONAL RESEARCH,1966,3,"['publication', 'citation', 'EDUCATIONAL', 'RESEARCH']","['publication', 'citation', 'educational', 'research']",publication citation educational research,publication; citation; educational; research
Cureton E.E.,SIMPLIFIED FORMULAS FOR ITEM ANALYSIS,1966,3,"['SIMPLIFIED', 'FORMULAS', 'ITEM', 'ANALYSIS']","['simplified', 'formulas', 'item', 'analysis']",simplified formulas item analysis,simplified; formulas; item; analysis
Klein S.; Skager R.; Erlebacher W.,MEASURING ARTISTIC CREATIVITY AND FLEXIBILITY,1966,3,"['measure', 'artistic', 'CREATIVITY', 'FLEXIBILITY']","['measure', 'artistic', 'creativity', 'flexibility']",measure artistic creativity flexibility,measure; artistic; creativity; flexibility
Lehmann I.J.,THE COLLEGE FACULTY AS PERCEIVED BY GRADUATES AND NON?êGRADUATES,1966,3,"['COLLEGE', 'FACULTY', 'PERCEIVED', 'BY', 'graduate', 'non-graduates']","['college', 'faculty', 'perceived', 'by', 'graduate', 'non-graduates']",college faculty perceived by graduate non-graduates,college; faculty; perceived; by; graduate; non-graduates
Gerlach V.S.,PREPARING TRANSPARENT KEYS FOR INSPECTING ANSWER SHEETS,1966,3,"['prepare', 'transparent', 'keys', 'inspect', 'ANSWER', 'sheets']","['prepare', 'transparent', 'keys', 'inspect', 'answer', 'sheets']",prepare transparent keys inspect answer sheets,prepare; transparent; keys; inspect; answer; sheets
Greene F.P.,MODIFICATION OF THE CLOZE PROCEDURE AND CHANGES IN READING TEST PERFORMANCES,1965,2,"['modification', 'CLOZE', 'procedure', 'change', 'read', 'performance']","['modification', 'cloze', 'procedure', 'change', 'read', 'performance']",modification cloze procedure change read performance,modification; cloze; procedure; change; read; performance
Abe C.,A FACTOR ANALYTIC STUDY OF SOME NON?êINTELLECTUAL INDICES OF ACADEMIC ACHIEVEMENT,1966,3,"['factor', 'analytic', 'study', 'non-intellectual', 'index', 'ACADEMIC', 'achievement']","['factor', 'analytic', 'study', 'non-intellectual', 'index', 'academic', 'achievement']",factor analytic study non-intellectual index academic achievement,factor; analytic; study; non-intellectual; index; academic; achievement
Dizney H.F.; Beggs D.L.,A COMPARISON OF GRADE EQUIVALENT SCORES BETWEEN GRADE LEVELS ON TWO SUBTESTS OF THE IOWA TESTS OF BASIC SKILLS,1965,2,"['comparison', 'GRADE', 'EQUIVALENT', 'scores', 'GRADE', 'LEVELS', 'SUBTESTS', 'iowa', 'basic', 'skill']","['comparison', 'grade', 'equivalent', 'scores', 'grade', 'levels', 'subtests', 'iowa', 'basic', 'skill']",comparison grade equivalent scores grade levels subtests iowa basic skill,comparison; grade; equivalent; scores; grade; levels; subtests; iowa; basic; skill
Morse P.K.,REPORTING TEST RESULTS: PERCENTILE BANDS VS. PERCENTILE RANKS,1964,1,"['report', 'RESULTS', 'PERCENTILE', 'band', 'VS', 'PERCENTILE', 'rank']","['report', 'results', 'percentile', 'band', 'vs', 'percentile', 'rank']",report results percentile band vs percentile rank,report; results; percentile; band; vs; percentile; rank
Hills J.R.,THE EFFECT OF ADMISSIONS POLICY ON COLLEGE GRADING STANDARDS,1964,1,"['effect', 'ADMISSIONS', 'POLICY', 'ON', 'COLLEGE', 'GRADING', 'STANDARDS']","['effect', 'admissions', 'policy', 'on', 'college', 'grading', 'standards']",effect admissions policy on college grading standards,effect; admissions; policy; on; college; grading; standards
Goodwin W.L.,ADJUSTMENT FOR SEX AND VARIABILITY DIFFERENCES ON THE ALLPORT?êVERNON?êLINDZEY STUDY OF VALUES PROFILES,1964,1,"['adjustment', 'sex', 'VARIABILITY', 'difference', 'allport-vernon-lindzey', 'study', 'values', 'profiles']","['adjustment', 'sex', 'variability', 'difference', 'allport-vernon-lindzey', 'study', 'values', 'profiles']",adjustment sex variability difference allport-vernon-lindzey study values profiles,adjustment; sex; variability; difference; allport-vernon-lindzey; study; values; profiles
Willingham W.W.,AN EMPIRICAL EVALUATION OF THREE TYPES OF COLLEGE GRADE SCALES,1964,1,"['EMPIRICAL', 'evaluation', 'type', 'COLLEGE', 'GRADE', 'scale']","['empirical', 'evaluation', 'type', 'college', 'grade', 'scale']",empirical evaluation type college grade scale,empirical; evaluation; type; college; grade; scale
Glass G.V.,HOW MAY SALIENCE OF A MEMBERSHIP GROUP BE INCREASED?,1964,1,"['MAY', 'SALIENCE', 'MEMBERSHIP', 'GROUP', 'increase']","['may', 'salience', 'membership', 'group', 'increase']",may salience membership group increase,may; salience; membership; group; increase
Baker F.B.,AN INTERSECTION OF TEST SCORE INTERPRETATION AND ITEM ANALYSIS,1964,1,"['intersection', 'SCORE', 'INTERPRETATION', 'ITEM', 'ANALYSIS']","['intersection', 'score', 'interpretation', 'item', 'analysis']",intersection score interpretation item analysis,intersection; score; interpretation; item; analysis
Connolly J.A.; Wantman M.J.,AN EXPLORATION OF ORAL REASONING PROCESSES IN RESPONDING TO OBJECTIVE TEST ITEMS,1964,1,"['exploration', 'oral', 'reasoning', 'process', 'respond', 'objective', 'ITEMS']","['exploration', 'oral', 'reasoning', 'process', 'respond', 'objective', 'items']",exploration oral reasoning process respond objective items,exploration; oral; reasoning; process; respond; objective; items
Lindquist E.F.,EQUATING SCORES ON NON?êPARALLEL TESTS,1964,1,"['EQUATING', 'SCORES', 'ON', 'NON?êPARALLEL', 'TESTS']","['equating', 'scores', 'on', 'non-parallel', 'tests']",equating scores on non-parallel tests,equating; scores; on; non-parallel; tests
"Tillinghast B.S., Jr.",TEN POINTS TO CONSIDER IN MAKING TEST INTERPRETATIONS TO GROUPS,1964,1,"['point', 'consider', 'INTERPRETATIONS', 'GROUPS']","['point', 'consider', 'interpretations', 'groups']",point consider interpretations groups,point; consider; interpretations; groups
Juola A.E.,THE PREDICTION OF COLLEGE DROPOUT FROM FRESHMAN LEVEL ABILITY TEST SCORES,1964,1,"['PREDICTION', 'COLLEGE', 'DROPOUT', 'FRESHMAN', 'LEVEL', 'ABILITY', 'SCORES']","['prediction', 'college', 'dropout', 'freshman', 'level', 'ability', 'scores']",prediction college dropout freshman level ability scores,prediction; college; dropout; freshman; level; ability; scores
Feldhusen J.F.,STUDENT PERCEPTIONS OF FREQUENT QUIZZES AND POST?êMORTEM DISCUSSIONS OF TESTS,1964,1,"['student', 'perception', 'frequent', 'quizzes', 'post-mortem', 'discussion']","['student', 'perception', 'frequent', 'quizzes', 'post-mortem', 'discussion']",student perception frequent quizzes post-mortem discussion,student; perception; frequent; quizzes; post-mortem; discussion
Pruzek R.M.,PREDICTION OF SUCCESS IN ELEMENTARY STATISTICS,1964,1,"['prediction', 'SUCCESS', 'ELEMENTARY', 'STATISTICS']","['prediction', 'success', 'elementary', 'statistics']",prediction success elementary statistics,prediction; success; elementary; statistics
Glass G.V.; Wiley D.E.,FORMULA SCORING AND TEST RELIABILITY,1964,1,"['formula', 'scoring', 'RELIABILITY']","['formula', 'scoring', 'reliability']",formula scoring reliability,formula; scoring; reliability
Engelhart M.D.,A COMPARISON OF SEVERAL ITEM DISCRIMINATION INDICES,1965,2,"['comparison', 'ITEM', 'discrimination', 'index']","['comparison', 'item', 'discrimination', 'index']",comparison item discrimination index,comparison; item; discrimination; index
Flanagan J.C.,OBTAINING USEFUL COMPARABLE SCORES FOR NON?êPARALLEL TESTS AND TEST BATTERIES,1964,1,"['obtain', 'USEFUL', 'COMPARABLE', 'SCORES', 'non-parallel', 'TESTS', 'battery']","['obtain', 'useful', 'comparable', 'scores', 'non-parallel', 'tests', 'battery']",obtain useful comparable scores non-parallel tests battery,obtain; useful; comparable; scores; non-parallel; tests; battery
McKelpin J.P.,SOME IMPLICATIONS OF THE INTELLECTUAL CHARACTERISTICS OF FRESHMEN ENTERING A LIBERAL ARTS COLLEGE,1965,2,"['implication', 'INTELLECTUAL', 'CHARACTERISTICS', 'FRESHMEN', 'ENTERING', 'LIBERAL', 'ARTS', 'COLLEGE']","['implication', 'intellectual', 'characteristics', 'freshmen', 'entering', 'liberal', 'arts', 'college']",implication intellectual characteristics freshmen entering liberal arts college,implication; intellectual; characteristics; freshmen; entering; liberal; arts; college
Krauskopf C.J.,A CONSTRUCT VALIDATION OF A CLASSROOM TEST,1964,1,"['construct', 'validation', 'CLASSROOM']","['construct', 'validation', 'classroom']",construct validation classroom,construct; validation; classroom
Loiselle H.G.,PRACTICAL NORMING CONSIDERATIONS AFFECTING TEST INTERPRETATION,1964,1,"['PRACTICAL', 'NORMING', 'consideration', 'affect', 'INTERPRETATION']","['practical', 'norming', 'consideration', 'affect', 'interpretation']",practical norming consideration affect interpretation,practical; norming; consideration; affect; interpretation
French J.L.; Greer D.,EFFECT OF TEST?êITEM ARRANGEMENT ON PHYSIOLOGICAL AND PSYCHOLOGICAL BEHAVIOR IN PRIMARY?êSCHOOL CHILDREN,1964,1,"['effect', 'TEST?êITEM', 'arrangement', 'PHYSIOLOGICAL', 'psychological', 'behavior', 'PRIMARY?êSCHOOL', 'CHILDREN']","['effect', 'test-item', 'arrangement', 'physiological', 'psychological', 'behavior', 'primary-school', 'children']",effect test-item arrangement physiological psychological behavior primary-school children,effect; test-item; arrangement; physiological; psychological; behavior; primary-school; children
Noll V.H.,IMPLICATIONS FOR POLICY OF THE NATIONAL COUNCIL ON MEASUREMENT IN EDUCATION OF CONANT'S THE EDUCATION OF AMERICAN TEACHERS,1964,1,"['implication', 'policy', 'NATIONAL', 'COUNCIL', 'ON', 'MEASUREMENT', 'conant', 'AMERICAN', 'teacher']","['implication', 'policy', 'national', 'council', 'on', 'measurement', 'conant', 'american', 'teacher']",implication policy national council on measurement conant american teacher,implication; policy; national; council; on; measurement; conant; american; teacher
Stoker H.W.; Kropp R.P.,MEASUREMENT OF COGNITIVE PROCESSES,1964,1,"['MEASUREMENT', 'cognitive', 'process']","['measurement', 'cognitive', 'process']",measurement cognitive process,measurement; cognitive; process
"Giles G.C., Jr.",PREDICTIVE VALIDITY OF PROGRESSIVE MATRICES AND TWO OTHER NONLANGUAGE TESTS OF MENTAL ABILITY,1964,1,"['predictive', 'VALIDITY', 'PROGRESSIVE', 'matrix', 'NONLANGUAGE', 'MENTAL', 'ABILITY']","['predictive', 'validity', 'progressive', 'matrix', 'nonlanguage', 'mental', 'ability']",predictive validity progressive matrix nonlanguage mental ability,predictive; validity; progressive; matrix; nonlanguage; mental; ability
Bereiter C.,HOW MAY UNITS OF MEASUREMENT BE SAFELY IGNORED?,1964,1,"['MAY', 'unit', 'MEASUREMENT', 'SAFELY', 'ignore']","['may', 'unit', 'measurement', 'safely', 'ignore']",may unit measurement safely ignore,may; unit; measurement; safely; ignore
Lennon R.T.,EQUATING NON?êPARALLEL TESTS,1964,1,"['EQUATING', 'NON?êPARALLEL', 'TESTS']","['equating', 'non-parallel', 'tests']",equating non-parallel tests,equating; non-parallel; tests
Angoff W.H.,TECHNICAL PROBLEMS OF OBTAINING EQUIVALENT SCORES ON TESTS,1964,1,"['technical', 'problems', 'obtain', 'EQUIVALENT', 'scores', 'ON', 'TESTS']","['technical', 'problems', 'obtain', 'equivalent', 'scores', 'on', 'tests']",technical problems obtain equivalent scores on tests,technical; problems; obtain; equivalent; scores; on; tests
Ebel R.L.,CONFIDENCE WEIGHTING AND TEST RELIABILITY,1965,2,"['confidence', 'WEIGHTING', 'RELIABILITY']","['confidence', 'weighting', 'reliability']",confidence weighting reliability,confidence; weighting; reliability
Lord F.M.,AN EMPIRICAL COMPARISON OF THE VALIDITY OF CERTAIN FORMULA?êSCORES,1964,1,"['EMPIRICAL', 'comparison', 'VALIDITY', 'certain', 'formula-scores']","['empirical', 'comparison', 'validity', 'certain', 'formula-scores']",empirical comparison validity certain formula-scores,empirical; comparison; validity; certain; formula-scores
Bloom R.; Dunn J.A.; Morse W.C.,DATA?êSOURCE CONSENSUS: A FUNDAMENTAL PROBLEM IN CLASSROOM RESEARCH,1964,1,"['DATA?êSOURCE', 'consensu', 'fundamental', 'problem', 'CLASSROOM', 'RESEARCH']","['data-source', 'consensu', 'fundamental', 'problem', 'classroom', 'research']",data-source consensu fundamental problem classroom research,data-source; consensu; fundamental; problem; classroom; research
Zimmerman W.S.,STATISTICAL PROBLEMS AND SOME RELATED ISSUES IN THE SELECTION OF ITEMS FOR TESTS OF CREATIVITY,1964,1,"['statistical', 'problems', 'related', 'issue', 'selection', 'items', 'CREATIVITY']","['statistical', 'problems', 'related', 'issue', 'selection', 'items', 'creativity']",statistical problems related issue selection items creativity,statistical; problems; related; issue; selection; items; creativity
Michael W.B.,THE MEASUREMENT OF CREATIVITY: OVERVIEW OF FOUR PAPERS,1964,1,"['CREATIVITY', 'OVERVIEW', 'paper']","['creativity', 'overview', 'paper']",creativity overview paper,creativity; overview; paper
Chase C.I.,RELATIVE LENGTH OF OPTIONS AND RESPONSE SET IN MULTIPLE CHOICE ITEMS,1964,1,"['RELATIVE', 'LENGTH', 'OPTIONS', 'RESPONSE', 'SET', 'multiple', 'choice', 'items']","['relative', 'length', 'options', 'response', 'set', 'multiple', 'choice', 'items']",relative length options response set multiple choice items,relative; length; options; response; set; multiple; choice; items
Denny T.; Paterson J.; Feldhusen J.,ANXIETY AND ACHIEVEMENT AS FUNCTIONS OF DAILY TESTING,1964,1,"['ANXIETY', 'ACHIEVEMENT', 'function', 'DAILY', 'testing']","['anxiety', 'achievement', 'function', 'daily', 'testing']",anxiety achievement function daily testing,anxiety; achievement; function; daily; testing
Hills J.R.,PREDICTION OF COLLEGE GRADES FOR ALL PUBLIC COLLEGES OF A STATE,1964,1,"['prediction', 'COLLEGE', 'GRADES', 'PUBLIC', 'COLLEGES', 'state']","['prediction', 'college', 'grades', 'public', 'colleges', 'state']",prediction college grades public colleges state,prediction; college; grades; public; colleges; state
Findley W.G.,WHEN AND HOW TO TEACH EDUCATIONAL MEASUREMENTS,1964,1,"['teach', 'EDUCATIONAL']","['teach', 'educational']",teach educational,teach; educational
Sassenrath J.; Kight H.; Kaiser H.F.,TING FACTORS FROM THE TEST ANXIETY AND GENERAL ANXIETY QUESTION??NAIRES AND THE MANIFEST ANXIETY SCALE BETWEEN TWO SAMPLES OF UNIVERSITY STUDENTS,1964,1,"['TING', 'FACTORS', 'ANXIETY', 'GENERAL', 'ANXIETY', 'question??, 'NAIRES', 'MANIFEST', 'ANXIETY', 'SCALE', 'SAMPLES', 'UNIVERSITY', 'student']","['ting', 'factors', 'anxiety', 'general', 'anxiety', 'question??, 'naires', 'manifest', 'anxiety', 'scale', 'samples', 'university', 'student']",ting factors anxiety general anxiety question??naires manifest anxiety scale samples university student,ting; factors; anxiety; general; anxiety; question?? naires; manifest; anxiety; scale; samples; university; student
Stucki D.R.,CHANGE IN STUDENT ATTITUDES TOWARD INTRODUCTORY PSYCHOLOGY TEXTS,1964,1,"['change', 'student', 'attitudes', 'INTRODUCTORY', 'psychology', 'texts']","['change', 'student', 'attitudes', 'introductory', 'psychology', 'texts']",change student attitudes introductory psychology texts,change; student; attitudes; introductory; psychology; texts
Merrtfield P.R.,FACILITATING VS DIFFERENTIATING COMPONENTS OF CREATIVITY,1964,1,"['facilitate', 'VS', 'differentiate', 'component', 'CREATIVITY']","['facilitate', 'vs', 'differentiate', 'component', 'creativity']",facilitate vs differentiate component creativity,facilitate; vs; differentiate; component; creativity
Millman J.; Lindlof J.,"THE COMPARABILITY OF FIFTH?êGRADE NORMS OF THE CALIFORNIA, lOWA, AND METROPOLITAN ACHIEVEMENT TESTS",1964,1,"['COMPARABILITY', 'fifth-grade', 'norms', 'CALIFORNIA', 'lowa', 'METROPOLITAN', 'achievement']","['comparability', 'fifth-grade', 'norms', 'california', 'lowa', 'metropolitan', 'achievement']",comparability fifth-grade norms california lowa metropolitan achievement,comparability; fifth-grade; norms; california; lowa; metropolitan; achievement
Starkweather E.K.,PROBLEMS IN THE MEASUREMENT OF CREATIVITY IN PRESCHOOL CHILDREN,1964,1,"['problems', 'CREATIVITY', 'PRESCHOOL', 'CHILDREN']","['problems', 'creativity', 'preschool', 'children']",problems creativity preschool children,problems; creativity; preschool; children
de Jung J.E.,A COMPARISON OF PEER RATINGS MADE AND RECEIVED USING A NON EXPLICIT AND EXPLICIT RATER REFERENCE FRAME INSTRUCTION,1964,1,"['comparison', 'peer', 'RATINGS', 'RECEIVED', 'NON', 'EXPLICIT', 'EXPLICIT', 'RATER', 'REFERENCE', 'FRAME', 'INSTRUCTION']","['comparison', 'peer', 'ratings', 'received', 'non', 'explicit', 'explicit', 'rater', 'reference', 'frame', 'instruction']",comparison peer ratings received non explicit explicit rater reference frame instruction,comparison; peer; ratings; received; non; explicit; explicit; rater; reference; frame; instruction
Mayo S.T.,WHAT EXPERTS THINK TEACHERS OUGHT TO KNOW ABOUT EDUCATIONAL MEASUREMENT,1964,1,"['EXPERTS', 'think', 'teacher', 'ought', 'know', 'EDUCATIONAL']","['experts', 'think', 'teacher', 'ought', 'know', 'educational']",experts think teacher ought know educational,experts; think; teacher; ought; know; educational
Michael W.B.,THE REALIZATION OF RELIABLE AND VALID CRITERION MEASURES FOR SPECIAL UNDERGRADUATE PROGRAMS AND COURSES AIMED AT THE DEVELOPMENT AND EXPRESSION OF CREATIVE BEHAVIOR,1964,1,"['realization', 'reliable', 'valid', 'CRITERION', 'MEASURES', 'special', 'undergraduate', 'PROGRAMS', 'course', 'aim', 'DEVELOPMENT', 'expression', 'creative', 'behavior']","['realization', 'reliable', 'valid', 'criterion', 'measures', 'special', 'undergraduate', 'programs', 'course', 'aim', 'development', 'expression', 'creative', 'behavior']",realization reliable valid criterion measures special undergraduate programs course aim development expression creative behavior,realization; reliable; valid; criterion; measures; special; undergraduate; programs; course; aim; development; expression; creative; behavior
