Authors,Title,Year,Volume,T_tokens,T_tokens_join
Skager R.W.; Klein S.P.; Schultz C.B.,THE PREDICTION OF ACADEMIC AND ARTISTIC ACHIEVEMENT AT A SCHOOL OF DESIGN,1967,4,"['prediction', 'ACADEMIC', 'ARTISTIC', 'achievement', 'SCHOOL', 'design']",prediction ACADEMIC ARTISTIC achievement SCHOOL design
Jacobs S.S.,BIAS IN THE KEYING OF STANDARDIZED TESTS: A REEXAMINATION,1968,5,"['bias', 'KEYING', 'standardized', 'test', 'reexamination']",bias KEYING standardized test reexamination
CARVER R.P.,A MODEL FOR USING THE FINAL EXAMINATION AS A MEASURE OF THE AMOUNT LEARNED IN CLASSROOM LEARNING,1969,6,"['FINAL', 'examination', 'measure', 'LEARNED', 'CLASSROOM', 'LEARNING']",FINAL examination measure LEARNED CLASSROOM LEARNING
Braun J.R.; LaFaro D.,EFFECTS OF A GOOD IMPRESSION SET ON THE THORNDIKE DIMENSIONS OF TEMPERAMENT,1967,4,"['effect', 'good', 'impression', 'SET', 'THORNDIKE', 'dimension', 'TEMPERAMENT']",effect good impression SET THORNDIKE dimension TEMPERAMENT
Klein S.P.; Rock D.A.; Evans F.R.,THE USE OF MULTIPLE MODERATORS IN ACADEMIC PREDICTION,1968,5,"['MULTIPLE', 'moderators', 'ACADEMIC', 'prediction']",MULTIPLE moderators ACADEMIC prediction
BOWERS J.,INTERACTIVE EFFECTS OF CREATIVITY AND IQ ON NINTH‐GRADE ACHIEVEMENT,1969,6,"['interactive', 'effect', 'CREATIVITY', 'IQ', 'ON', 'NINTH‐GRADE', 'ACHIEVEMENT']",interactive effect CREATIVITY IQ ON NINTH‐GRADE ACHIEVEMENT
FLAUGHER R.L.; ROCK D.A.,A MULTIPLE MODERATOR APPROACH TO THE IDENTIFICATION OF OVER‐ AND UNDERACHIEVERS,1969,6,"['MULTIPLE', 'moderator', 'approach', 'identification', 'over‐', 'underachiever']",MULTIPLE moderator approach identification over‐ underachiever
Crawford W.R.,ITEM DIFFICULTY AS RELATED TO THE COMPLEXITY OF INTELLECTUAL PROCESSES,1968,5,"['ITEM', 'difficulty', 'relate', 'COMPLEXITY', 'INTELLECTUAL', 'process']",ITEM difficulty relate COMPLEXITY INTELLECTUAL process
Mason G.P.; Odeh R.E.,A SHORT‐CUT FORMULA FOR STANDARD DEVIATION,1968,5,"['short‐cut', 'formula', 'standard', 'deviation']",short‐cut formula standard deviation
Merenda P.F.; Jackson R.M.,RELATIONSHIP BETWEEN FOURTH GRADE AND SEVENTH GRADE PERFORMANCE ON THE IOWA TESTS OF BASIC SKILLS,1968,5,"['RELATIONSHIP', 'FOURTH', 'GRADE', 'SEVENTH', 'GRADE', 'performance', 'IOWA', 'test', 'basic', 'skill']",RELATIONSHIP FOURTH GRADE SEVENTH GRADE performance IOWA test basic skill
Sax G.; Collet L.S.,AN EMPIRICAL COMPARISON OF THE EFFECTS OF RECALL AND MULTIPLE‐CHOICE TESTS ON STUDENT ACHIEVEMENT,1968,5,"['EMPIRICAL', 'comparison', 'effect', 'RECALL', 'multiple‐choice', 'test', 'student', 'achievement']",EMPIRICAL comparison effect RECALL multiple‐choice test student achievement
BAIRD L.L.,THE PREDICTION OF GRADES IN OCCUPATIONAL AND ACADEMIC CURRICULA IN 2‐YEAR COLLEGES,1969,6,"['prediction', 'GRADES', 'OCCUPATIONAL', 'academic', 'curricula', '2‐year', 'college']",prediction GRADES OCCUPATIONAL academic curricula 2‐year college
Levine H.G.; McGuire C.,ROLE‐PLAYING AS AN EVALUATIVE TECHNIQUE,1968,5,"['role‐playe', 'evaluative', 'TECHNIQUE']",role‐playe evaluative TECHNIQUE
HivelyII W.; Patterson H.L.; Page S.H.,A “UNIVERSE‐DEFINED” SYSTEM OF ARITHMETIC ACHIEVEMENT TESTS,1968,5,"['""', 'universe‐defined', '""', 'system', 'ARITHMETIC', 'achievement', 'test']",""" universe‐defined "" system ARITHMETIC achievement test"
Ebbesen J.A.,KINDERGARTEN TEACHER RANKINGS AS PREDICTORS OF ACADEMIC ACHIEVEMENT IN THE PRIMARY GRADES,1968,5,"['KINDERGARTEN', 'teacher', 'ranking', 'predictors', 'academic', 'achievement', 'primary', 'GRADES']",KINDERGARTEN teacher ranking predictors academic achievement primary GRADES
OWENS T.R.; STUFFLEBEAM D.L.,AN EXPERIMENTAL COMPARISON OF ITEM SAMPLING AND EXAMINEE SAMPLING FOR ESTIMATING TEST NORMS,1969,6,"['experimental', 'comparison', 'item', 'SAMPLING', 'EXAMINEE', 'SAMPLING', 'estimate', 'test', 'NORMS']",experimental comparison item SAMPLING EXAMINEE SAMPLING estimate test NORMS
"Davis O.L., Jr; Personke C.R., Jr",EFFECTS OF ADMINISTERING THE METROPOLITAN READINESS TEST IN ENGLISH AND SPANISH TO SPANISH‐SPEAKING SCHOOL ENTRANTS,1968,5,"['effect', 'administer', 'METROPOLITAN', 'READINESS', 'test', 'ENGLISH', 'spanish', 'spanish‐speake', 'school', 'entrant']",effect administer METROPOLITAN READINESS test ENGLISH spanish spanish‐speake school entrant
LINN R.L.,A NOTE ON THE STABILITY OF THE IOWA TESTS OF BASIC SKILLS,1969,6,"['note', 'STABILITY', 'IOWA', 'test', 'basic', 'skill']",note STABILITY IOWA test basic skill
EAGLE N.; HARRIS A.S.,INTERACTION OF RACE AND TEST ON READING PERFORMANCE SCORES,1969,6,"['interaction', 'RACE', 'test', 'ON', 'read', 'PERFORMANCE', 'SCORES']",interaction RACE test ON read PERFORMANCE SCORES
Traub R.E.,COMMENT ON GLASS'RESPONSE,1968,5,"['comment', 'glassresponse']",comment glassresponse
Weigel R.G.; Frazier J.E.,THE EFFECTS OF “FEELING” AND “BEHAVIOR” INSTRUCTIONS ON RESPONSES TO THE EDWARDS PERSONAL PREFERENCE SCHEDULE,1968,5,"['effect', '""', 'feel', '""', '""', 'behavior', '""', 'instruction', 'response', 'EDWARDS', 'PERSONAL', 'preference', 'schedule']","effect "" feel "" "" behavior "" instruction response EDWARDS PERSONAL preference schedule"
Thorndike R.L.,A VERIFICATION KEY FOR THE THORNDIKE DIMENSIONS OF TEMPERAMENT,1968,5,"['verification', 'key', 'thorndike', 'dimension', 'TEMPERAMENT']",verification key thorndike dimension TEMPERAMENT
Horn J.L.; Adams D.K.; Levy G.,ON THE CONCEPT VALIDITY OF MMPI SCALES,1968,5,"['CONCEPT', 'VALIDITY', 'MMPI', 'scale']",CONCEPT VALIDITY MMPI scale
Ebel R.L.,THE RELATION OF ITEM DISCRIMINATION TO TEST RELIABILITY,1967,4,"['RELATION', 'ITEM', 'discrimination', 'test', 'RELIABILITY']",RELATION ITEM discrimination test RELIABILITY
Sabers D.L.; Feldt L.S.,AN EMPIRICAL STUDY OF THE EFFECT OF THE CORRECTION FOR CHANCE SUCCESS ON THE RELIABILITY AND VALIDITY OF AN APTITUDE TEST,1968,5,"['EMPIRICAL', 'study', 'effect', 'correction', 'CHANCE', 'SUCCESS', 'RELIABILITY', 'VALIDITY', 'APTITUDE', 'test']",EMPIRICAL study effect correction CHANCE SUCCESS RELIABILITY VALIDITY APTITUDE test
"Richards J.M., Jr; Lutz S.W.",PREDICTING STUDENT ACCOMPLISHMENT IN COLLEGE FROM THE ACT ASSESSMENT,1968,5,"['predict', 'student', 'accomplishment', 'COLLEGE', 'ACT', 'assessment']",predict student accomplishment COLLEGE ACT assessment
DUSEWICZ R.A.; KERSHNER K.M.,A SCALE FOR THE MEASUREMENT OF LATERAL DOMINANCE,1969,6,"['scale', 'lateral', 'dominance']",scale lateral dominance
Wrightstone J.W.,HOW EFFECTIVE ARE THE “MORE EFFECTIVE SCHOOLS”?,1968,5,"['effective', '""', 'effective', 'SCHOOLS', '""']","effective "" effective SCHOOLS """
FREMER J.; ANASTASIO E.J.,COMPUTER‐ASSISTED ITEM WRITING—1 (SPELLING ITEMS),1969,6,"['computer‐assiste', 'ITEM', 'WRITING—1', 'SPELLING', 'ITEMS']",computer‐assiste ITEM WRITING—1 SPELLING ITEMS
Cleary T.A.; Linn R.L.; Rock D.A.,REPRODUCTION OF TOTAL TEST SCORE THROUGH THE USE OF SEQUENTIAL PROGRAMMED TESTS,1968,5,"['reproduction', 'total', 'test', 'score', 'USE', 'SEQUENTIAL', 'PROGRAMMED', 'test']",reproduction total test score USE SEQUENTIAL PROGRAMMED test
SIMON W.E.,EXPECTANCY EFFECTS IN THE SCORING OF VOCABULARY ITEMS: A STUDY OF SCORER BIAS,1969,6,"['expectancy', 'effect', 'scoring', 'VOCABULARY', 'items', 'study', 'SCORER', 'BIAS']",expectancy effect scoring VOCABULARY items study SCORER BIAS
INGLE R.B.; DEAMICO G.,THE EFFECT OF PHYSICAL CONDITIONS OF THE TEST ROOM ON STANDARDIZED ACHIEVEMENT TEST SCORES,1969,6,"['effect', 'physical', 'condition', 'test', 'room', 'standardized', 'ACHIEVEMENT', 'test', 'SCORES']",effect physical condition test room standardized ACHIEVEMENT test SCORES
TERWILLIGER J.S.; ANDERSON D.H.,AN EMPIRICAL STUDY OF THE EFFECTS OF STANDARDIZING SCORES IN THE FORMATION OF LINEAR COMPOSITES,1969,6,"['EMPIRICAL', 'study', 'effect', 'STANDARDIZING', 'SCORES', 'formation', 'LINEAR', 'composite']",EMPIRICAL study effect STANDARDIZING SCORES formation LINEAR composite
Glass G.W.,RESPONSE TO TRAUB'S “NOTE ON THE RELIABILITY OF RESIDUAL CHANGE SCORES”,1968,5,"['RESPONSE', 'TRAUBS', '""', 'note', 'RELIABILITY', 'RESIDUAL', 'CHANGE', 'SCORES', '""']","RESPONSE TRAUBS "" note RELIABILITY RESIDUAL CHANGE SCORES """
Grotelueschen A.; Knox A.B.,ANALYSIS OF QUICK WORD TEST AS AN ESTIMATE OF ADULT MENTAL ABILITY,1967,4,"['analysis', 'QUICK', 'WORD', 'test', 'estimate', 'adult', 'MENTAL', 'ABILITY']",analysis QUICK WORD test estimate adult MENTAL ABILITY
YEE A.H.; KRIEWALL T.,A NEW LOGICAL SCORING KEY FOR THE MINNESOTA TEACHER ATTITUDE INVENTORY,1969,6,"['new', 'LOGICAL', 'scoring', 'key', 'minnesota', 'teacher', 'ATTITUDE', 'INVENTORY']",new LOGICAL scoring key minnesota teacher ATTITUDE INVENTORY
Slakter M.J.,THE PENALTY FOR NOT GUESSING,1968,5,"['PENALTY', 'guess']",PENALTY guess
Slakter M.J.,THE EFFECT OF GUESSING STRATEGY ON OBJECTIVE TEST SCORES,1968,5,"['effect', 'GUESSING', 'STRATEGY', 'ON', 'OBJECTIVE', 'test', 'SCORES']",effect GUESSING STRATEGY ON OBJECTIVE test SCORES
STALLINGS W.M.; ANDERSON F.E.,SOME CHARACTERISTICS AND CORRELATES OF THE MEIER ART TEST OF AESTHETIC PERCEPTION UNDER TWO SYSTEMS OF SCORING,1969,6,"['CHARACTERISTICS', 'correlate', 'MEIER', 'ART', 'test', 'AESTHETIC', 'perception', 'systems', 'scoring']",CHARACTERISTICS correlate MEIER ART test AESTHETIC perception systems scoring
LUNNEBORG C.E.; LUNNEBORG P.W.,DEVIATIONS FROM PREDICTED GROWTH OF ABILITIES FOR MALE AND FEMALE COLLEGE STUDENTS,1969,6,"['deviation', 'PREDICTED', 'growth', 'ability', 'MALE', 'FEMALE', 'COLLEGE', 'student']",deviation PREDICTED growth ability MALE FEMALE COLLEGE student
Khan S.B.,THE RELATIVE MAGNITUDE OF SPEED AND POWER IN SCAT,1968,5,"['RELATIVE', 'MAGNITUDE', 'speed', 'POWER', 'SCAT']",RELATIVE MAGNITUDE speed POWER SCAT
Perlberg A.,PREDICTING ACADEMIC ACHIEVEMENTS OF ENGINEERING AND SCIENCE COLLEGE STUDENTS,1967,4,"['predict', 'academic', 'achievement', 'engineering', 'SCIENCE', 'COLLEGE', 'student']",predict academic achievement engineering SCIENCE COLLEGE student
Bashaw W.L.,A NOTE ON CORRECTING ITEM‐TOTAL CORRELATIONS,1968,5,"['note', 'CORRECTING', 'item‐total', 'CORRELATIONS']",note CORRECTING item‐total CORRELATIONS
Fremer J.; Coffman W.E.; Taylor P.H.,THE COLLEGE BOARD SCHOLASTIC APTITUDE TEST AS A PREDICTOR OF ACADEMIC ACHIEVEMENT IN SECONDARY SCHOOLS IN ENGLAND,1968,5,"['COLLEGE', 'board', 'SCHOLASTIC', 'APTITUDE', 'test', 'predictor', 'ACADEMIC', 'achievement', 'SECONDARY', 'SCHOOLS', 'ENGLAND']",COLLEGE board SCHOLASTIC APTITUDE test predictor ACADEMIC achievement SECONDARY SCHOOLS ENGLAND
Hills J.R.; Gladney M.B.,FACTORS INFLUENCING COLLEGE GRADING STANDARDS,1968,5,"['FACTORS', 'influence', 'COLLEGE', 'GRADING', 'STANDARDS']",FACTORS influence COLLEGE GRADING STANDARDS
Rippey R.,PROBABILISTIC TESTING,1968,5,"['PROBABILISTIC', 'test']",PROBABILISTIC test
QUARTER J.J.; LAXER R.M.,SEX DIFFERENCES IN THE TAYLOR MANIFEST ANXIETY SCALE,1969,6,"['sex', 'difference', 'TAYLOR', 'MANIFEST', 'ANXIETY', 'SCALE']",sex difference TAYLOR MANIFEST ANXIETY SCALE
Smith R.B.,AN EMPIRICAL EXAMINATION OF THE ASSUMPTIONS UNDERLYING THE TAXONOMY OF EDUCATIONAL OBJECTIVES: COGNITIVE DOMAIN,1968,5,"['EMPIRICAL', 'examination', 'assumption', 'underlie', 'TAXONOMY', 'EDUCATIONAL', 'OBJECTIVES', 'cognitive', 'domain']",EMPIRICAL examination assumption underlie TAXONOMY EDUCATIONAL OBJECTIVES cognitive domain
ABRAMSON T.,THE INFLUENCE OF EXAMINER RACE ON FIRST‐GRADE AND KINDERGARTEN SUBJECTS' PEABODY PICTURE VOCABULARY TEST SCORES,1969,6,"['INFLUENCE', 'EXAMINER', 'RACE', 'ON', 'FIRST‐GRADE', 'KINDERGARTEN', 'subjects', 'peabody', 'PICTURE', 'VOCABULARY', 'TEST', 'SCORES']",INFLUENCE EXAMINER RACE ON FIRST‐GRADE KINDERGARTEN subjects peabody PICTURE VOCABULARY TEST SCORES
SHOEMAKER D.M.,NOTE ON THE ATTENUATING EFFECT OF ZERO‐VARIANCE ITEMS ON KR‐20,1969,6,"['note', 'attenuating', 'effect', 'zero‐variance', 'items', 'ON', 'KR‐20']",note attenuating effect zero‐variance items ON KR‐20
FINCH C.R.,AN INSTRUMENT TO ASSESS STUDENT ATTITUDE TOWARD INSTRUCTION,1969,6,"['instrument', 'assess', 'student', 'attitude', 'INSTRUCTION']",instrument assess student attitude INSTRUCTION
MARSHALL J.C.; POWERS J.M.,"WRITING NEATNESS, COMPOSITION ERRORS, AND ESSAY GRADES",1969,6,"['write', 'NEATNESS', 'COMPOSITION', 'ERRORS', 'essay', 'GRADES']",write NEATNESS COMPOSITION ERRORS essay GRADES
Bormuth J.R.,CLOZE TEST READABILITY: CRITERION REFERENCE SCORES,1968,5,"['cloze', 'test', 'READABILITY', 'CRITERION', 'REFERENCE', 'SCORES']",cloze test READABILITY CRITERION REFERENCE SCORES
Raun J.R.; Asta P.,EFFECTS OF FAKING INSTRUCTIONS ON SALES MOTIVATION INVENTORY SCORES,1968,5,"['effect', 'fake', 'instruction', 'SALES', 'MOTIVATION', 'INVENTORY', 'SCORES']",effect fake instruction SALES MOTIVATION INVENTORY SCORES
Ryan J.J.,TEACHER JUDGMENTS OF TEST ITEM PROPERTIES,1968,5,"['teacher', 'judgment', 'test', 'ITEM', 'property']",teacher judgment test ITEM property
Hilton T.L.; Myers A.E.,"PERSONAL BACKGROUND, EXPERIENCE AND SCHOOL ACHIEVEMENT: AN INVESTIGATION OF THE CONTRIBUTION OF QUESTIONNAIRE DATA TO ACADEMIC PREDICTION",1967,4,"['personal', 'BACKGROUND', 'experience', 'SCHOOL', 'ACHIEVEMENT', 'AN', 'investigation', 'CONTRIBUTION', 'QUESTIONNAIRE', 'datum', 'ACADEMIC', 'prediction']",personal BACKGROUND experience SCHOOL ACHIEVEMENT AN investigation CONTRIBUTION QUESTIONNAIRE datum ACADEMIC prediction
ROCK D.A.; EVANS F.R.; KLEIN S.P.,PREDICTING MULTIPLE CRITERIA OF CREATIVE ACHIEVEMENTS WITH MODERATOR VARIABLES,1969,6,"['predict', 'MULTIPLE', 'CRITERIA', 'creative', 'achievement', 'moderator', 'VARIABLES']",predict MULTIPLE CRITERIA creative achievement moderator VARIABLES
Brown F.G.; Scott D.A.,DIFFERENTIAL PREDICTABILITY IN COLLEGE ADMISSIONS TESTING,1967,4,"['DIFFERENTIAL', 'PREDICTABILITY', 'COLLEGE', 'ADMISSIONS', 'testing']",DIFFERENTIAL PREDICTABILITY COLLEGE ADMISSIONS testing
Uhl N.P.; Dayton C.M.,THE PREDICTION OF HIGH SCHOOL ACADEMIC PERFORMANCE USING VOCATIONAL INVENTORY SCORES,1968,5,"['prediction', 'high', 'SCHOOL', 'academic', 'performance', 'VOCATIONAL', 'INVENTORY', 'SCORES']",prediction high SCHOOL academic performance VOCATIONAL INVENTORY SCORES
Cleary T.A.,TEST BIAS: PREDICTION OF GRADES OF NEGRO AND WHITE STUDENTS IN INTEGRATED COLLEGES,1968,5,"['TEST', 'BIAS', 'PREDICTION', 'GRADES', 'NEGRO', 'white', 'student', 'INTEGRATED', 'COLLEGES']",TEST BIAS PREDICTION GRADES NEGRO white student INTEGRATED COLLEGES
Anastasiow NicholaSJ.; Hansen D.,LINGUISTIC READING TEST NUMBER II,1968,5,"['linguistic', 'read', 'test', 'NUMBER', 'II']",linguistic read test NUMBER II
ROBINSON L.; SELIGMAN R.,A SCALE FOR MEASURING CAMPUS MORALE,1969,6,"['scale', 'measure', 'campus', 'MORALE']",scale measure campus MORALE
HASTINGS J.T.,THE KITH AND KIN OF EDUCATIONAL MEASURERS,1969,6,"['KITH', 'KIN', 'EDUCATIONAL', 'measurer']",KITH KIN EDUCATIONAL measurer
Severinsen K.N.,"A.C.T., W.A.I.S. TEST SCORES AND COLLEGE GRADES",1968,5,"['ACT', 'WAIS', 'test', 'SCORES', 'COLLEGE', 'GRADES']",ACT WAIS test SCORES COLLEGE GRADES
Hills J.R.; Gladney M.B.,PREDICTING GRADES FROM BELOW CHANCE TEST SCORES,1968,5,"['predict', 'GRADES', 'CHANCE', 'test', 'SCORES']",predict GRADES CHANCE test SCORES
Beggs D.L.; Hieronymus A.N.,UNIFORMITY OF GROWTH IN THE BASIC SKILLS THROUGHOUT THE SCHOOL YEAR AND DURING THE SUMMER,1968,5,"['UNIFORMITY', 'growth', 'basic', 'SKILLS', 'SCHOOL', 'year', 'SUMMER']",UNIFORMITY growth basic SKILLS SCHOOL year SUMMER
SABERS D.L.; WHITE G.W.,THE EFFECT OF DIFFERENTIAL WEIGHTING OF INDIVIDUAL ITEM RESPONSES ON THE PREDICTIVE VALIDITY AND RELIABILITY OF AN APTITUDE TEST,1969,6,"['effect', 'DIFFERENTIAL', 'WEIGHTING', 'INDIVIDUAL', 'ITEM', 'response', 'predictive', 'VALIDITY', 'RELIABILITY', 'APTITUDE', 'test']",effect DIFFERENTIAL WEIGHTING INDIVIDUAL ITEM response predictive VALIDITY RELIABILITY APTITUDE test
POE C.A.,CONVERGENT AND DISCRIMINANT VALIDATION OF MEASURES OF PERSONAL NEEDS,1969,6,"['convergent', 'DISCRIMINANT', 'validation', 'MEASURES', 'PERSONAL', 'NEEDS']",convergent DISCRIMINANT validation MEASURES PERSONAL NEEDS
Klein S.P.; Hart F.M.,CHANCE AND SYSTEMATIC FACTORS AFFECTING ESSAY GRADES,1968,5,"['CHANCE', 'SYSTEMATIC', 'FACTORS', 'affect', 'ESSAY', 'GRADES']",CHANCE SYSTEMATIC FACTORS affect ESSAY GRADES
Dick W.,A METHODOLOGY FOR THE FORMATIVE EVALUATION OF INSTRUCTIONAL MATERIALS,1968,5,"['methodology', 'formative', 'evaluation', 'instructional', 'material']",methodology formative evaluation instructional material
FERRIS M.J.; NICHOLS D.G.,THE EFFECTS OF FOUR METHODS OF ADMINISTRATION ON TEST ACHIEVEMENT,1969,6,"['effect', 'FOUR', 'METHODS', 'ADMINISTRATION', 'ON', 'test', 'ACHIEVEMENT']",effect FOUR METHODS ADMINISTRATION ON test ACHIEVEMENT
Clark C.A.,THE USE OF SEPARATE ANSWER SHEETS IN TESTING SLOW‐LEARNING PUPILS,1968,5,"['separate', 'answer', 'sheets', 'testing', 'slow‐learning', 'PUPILS']",separate answer sheets testing slow‐learning PUPILS
Michael J.J.,THE RELIABILITY OF A MULTIPLE‐CHOICE EXAMINATION UNDER VARIOUS TEST‐TAKING INSTRUCTIONS,1968,5,"['RELIABILITY', 'multiple‐choice', 'examination', 'test‐taking', 'instruction']",RELIABILITY multiple‐choice examination test‐taking instruction
Terwilliger J.S.,INDIVIDUAL DIFFERENCES IN THE MARKING PRACTICES OF SECONDARY SCHOOL TEACHERS,1968,5,"['INDIVIDUAL', 'difference', 'MARKING', 'PRACTICES', 'SECONDARY', 'SCHOOL', 'teacher']",INDIVIDUAL difference MARKING PRACTICES SECONDARY SCHOOL teacher
Gupta R.K.,CERTAIN TECHNIQUES OF MULTIVARIATE ANALYSIS APPLIED TO DIFFERENT MEASURES OF INTER‐ITEM RELATIONSHIPS FOR DEVELOPING UNIFACTOR TESTS,1968,5,"['CERTAIN', 'techniques', 'multivariate', 'analysis', 'APPLIED', 'different', 'measures', 'inter‐item', 'RELATIONSHIPS', 'develop', 'UNIFACTOR', 'test']",CERTAIN techniques multivariate analysis APPLIED different measures inter‐item RELATIONSHIPS develop UNIFACTOR test
Braun J.R.; Faro D.L.,EFFECTIVENESS OF THE CALIFORNIA STUDY METHODS SURVEY VERIFICATION KEY IN DETECTING FAKING,1968,5,"['EFFECTIVENESS', 'CALIFORNIA', 'study', 'METHODS', 'SURVEY', 'verification', 'key', 'detect', 'fake']",EFFECTIVENESS CALIFORNIA study METHODS SURVEY verification key detect fake
Ebel R.L.,BLIND GUESSING ON OBJECTIVE ACHIEVEMENT TESTS,1968,5,"['BLIND', 'guess', 'objective', 'achievement', 'test']",BLIND guess objective achievement test
Moore J.C.,THE APPLICATION OF TRANSMITTER‐RECEIVER UNITS IN TEST ADMINISTRATION PROGRAMS,1968,5,"['application', 'TRANSMITTER‐RECEIVER', 'unit', 'TEST', 'ADMINISTRATION', 'PROGRAMS']",application TRANSMITTER‐RECEIVER unit TEST ADMINISTRATION PROGRAMS
EBEL R.L.,THE RELATION OF SCALE FINENESS TO GRADE ACCURACY,1969,6,"['RELATION', 'SCALE', 'FINENESS', 'GRADE', 'ACCURACY']",RELATION SCALE FINENESS GRADE ACCURACY
Lehmann I.J.; Rogers B.G.,"COGNITIVE, AFFECTIVE, AND BIOGRAPHICAL CHARACTERISTICS OF “ON TIME” AND “LATE” COLLEGE GRADUATES",1968,5,"['cognitive', 'affective', 'BIOGRAPHICAL', 'CHARACTERISTICS', '""', 'ON', 'TIME', '""', '""', 'late', '""', 'COLLEGE', 'graduate']","cognitive affective BIOGRAPHICAL CHARACTERISTICS "" ON TIME "" "" late "" COLLEGE graduate"
Ebel R.L.,THE VALUE OF INTERNAL CONSISTENCY IN CLASSROOM EXAMINATIONS,1968,5,"['value', 'INTERNAL', 'CONSISTENCY', 'CLASSROOM', 'EXAMINATIONS']",value INTERNAL CONSISTENCY CLASSROOM EXAMINATIONS
CASHEN V.M.; RAMSEYER G.C.,THE USE OF SEPARATE ANSWER SHEETS BY PRIMARY AGE CHILDREN,1969,6,"['separate', 'answer', 'sheets', 'BY', 'PRIMARY', 'AGE', 'CHILDREN']",separate answer sheets BY PRIMARY AGE CHILDREN
Wofford J.C.,THE EFFECTS OF ITEM ANALYSIS METHODS AND CONFIDENCE LEVELS UPON TEST VALIDITY AND CROSS‐VALIDITY,1968,5,"['effect', 'ITEM', 'ANALYSIS', 'METHODS', 'CONFIDENCE', 'LEVELS', 'UPON', 'test', 'VALIDITY', 'cross‐validity']",effect ITEM ANALYSIS METHODS CONFIDENCE LEVELS UPON test VALIDITY cross‐validity
Baggaley A.R.; Campbell J.P.,MULTIPLE‐DISCRIMINANT ANALYSIS OF ACADEMIC CURRICULA BY INTEREST AND APTITUDE VARIABLES,1967,4,"['MULTIPLE‐DISCRIMINANT', 'ANALYSIS', 'academic', 'curricula', 'interest', 'APTITUDE', 'VARIABLES']",MULTIPLE‐DISCRIMINANT ANALYSIS academic curricula interest APTITUDE VARIABLES
Horn J.L.,IS IT REASONABLE FOR ASSESSMENTS TO HAVE DIFFERENT PSYCHOMETRIC PROPERTIES THAN PREDICTORS?,1968,5,"['reasonable', 'assessment', 'different', 'psychometric', 'PROPERTIES', 'predictors']",reasonable assessment different psychometric PROPERTIES predictors
Lunneborg C.E.,BIOGRAPHIC VARIABLES IN DIFFERENTIAL vs. ABSOLUTE PREDICTION,1968,5,"['BIOGRAPHIC', 'VARIABLES', 'DIFFERENTIAL', 'vs', 'ABSOLUTE', 'prediction']",BIOGRAPHIC VARIABLES DIFFERENTIAL vs ABSOLUTE prediction
RENZULLI J.S.; PAULUS D.H.,A CROSS‐VALIDATION STUDY OF THE ITEM ORDERING OF THE PEABODY PICTURE VOCABULARY TEST,1969,6,"['cross‐validation', 'study', 'ITEM', 'ordering', 'PEABODY', 'PICTURE', 'VOCABULARY', 'test']",cross‐validation study ITEM ordering PEABODY PICTURE VOCABULARY test
Chase C.I.,THE IMPACT OF SOME OBVIOUS VARIABLES ON ESSAY TEST SCORES,1968,5,"['impact', 'obvious', 'VARIABLES', 'ON', 'ESSAY', 'TEST', 'SCORES']",impact obvious VARIABLES ON ESSAY TEST SCORES
Johnson R.E.; Rosenthal E.,INFLUENCE OF GUESSING ON MEASUREMENTS OF IMMEDIATE AND DELAYED RETENTION,1968,5,"['influence', 'guess', 'immediate', 'delayed', 'retention']",influence guess immediate delayed retention
CLEARY T.A.; LINN R.L.,A NOTE ON THE RELATIVE SIZES OF THE STANDARD ERRORS OF TWO RELIABILITY ESTIMATES,1969,6,"['note', 'relative', 'sizes', 'standard', 'ERRORS', 'RELIABILITY', 'estimate']",note relative sizes standard ERRORS RELIABILITY estimate
Smith R.B.,A DISCUSSION OF AN ATTEMPT AT CONSTRUCTING REPRODUCIBLE ITEM SETS,1968,5,"['discussion', 'attempt', 'CONSTRUCTING', 'REPRODUCIBLE', 'ITEM', 'sets']",discussion attempt CONSTRUCTING REPRODUCIBLE ITEM sets
Ohnmacht F.W.,CORRELATES OF CHANGE IN ACADEMIC ACHIEVEMENT,1968,5,"['correlate', 'change', 'ACADEMIC', 'ACHIEVEMENT']",correlate change ACADEMIC ACHIEVEMENT
Heath R.W.; Janssen D.R.; Fortna R.O.; Bianchini J.C.; Young M.R.,THE USE OF ACHIEVEMENT AND ABILITY TEST AVERAGES,1967,4,"['achievement', 'ABILITY', 'test', 'AVERAGES']",achievement ABILITY test AVERAGES
POPHAM W.J.; HUSEK T.R.,IMPLICATIONS OF CRITERION‐REFERENCED MEASUREMENT,1969,6,"['implication', 'criterion‐referenced']",implication criterion‐referenced
Rothman A.I.,THE FACTOR ANALYSIS OF A SCIENCE‐RELATED SEMANTIC DIFFERENTIAL INSTRUMENT,1968,5,"['factor', 'analysis', 'science‐related', 'SEMANTIC', 'DIFFERENTIAL', 'INSTRUMENT']",factor analysis science‐related SEMANTIC DIFFERENTIAL INSTRUMENT
Veldman D.J.,"EFFECTS OF SEX, APTITUDES, AND ATTITUDES ON THE ACADEMIC ACHIEVEMENT OF COLLEGE FRESHMEN",1968,5,"['effect', 'sex', 'APTITUDES', 'ATTITUDES', 'ACADEMIC', 'achievement', 'COLLEGE', 'FRESHMEN']",effect sex APTITUDES ATTITUDES ACADEMIC achievement COLLEGE FRESHMEN
SMITH T.A.; SHAW C.N.,STRUCTURAL ANALYSIS AS AN AID IN DESIGNING AN INSTRUCTIONAL SYSTEM,1969,6,"['STRUCTURAL', 'ANALYSIS', 'aid', 'DESIGNING', 'instructional', 'system']",STRUCTURAL ANALYSIS aid DESIGNING instructional system
THOMAS C.L.; STANLEY J.C.,EFFECTIVENESS OF HIGH SCHOOL GRADES FOR PREDICTING COLLEGE GRADES OF BLACK STUDENTS: A REVIEW AND DISCUSSION,1969,6,"['EFFECTIVENESS', 'high', 'SCHOOL', 'GRADES', 'predict', 'COLLEGE', 'GRADES', 'BLACK', 'student', 'A', 'REVIEW', 'discussion']",EFFECTIVENESS high SCHOOL GRADES predict COLLEGE GRADES BLACK student A REVIEW discussion
Lunneborg C.E.,USE OF FACTOR SCORES IN DIFFERENTIAL PREDICTION OF ACADEMIC SUCCESS,1968,5,"['factor', 'SCORES', 'DIFFERENTIAL', 'PREDICTION', 'academic', 'success']",factor SCORES DIFFERENTIAL PREDICTION academic success
SIMON G.B.,COMMENTS ON “IMPLICATIONS OF CRITERION‐REFERENCED MEASUREMENT”,1969,6,"['comment', '""', 'implication', 'CRITERION‐REFERENCED', '""']","comment "" implication CRITERION‐REFERENCED """
McGuire C.H.; Babbott D.,SIMULATION TECHNIQUE IN THE MEASUREMENT OF PROBLEM‐SOLVING SKILLS,1967,4,"['simulation', 'TECHNIQUE', 'problem‐solving', 'SKILLS']",simulation TECHNIQUE problem‐solving SKILLS
Stanley J.C.,RICE AS A PIONEER EDUCATIONAL RESEARCHER,1966,3,"['RICE', 'pioneer', 'EDUCATIONAL', 'researcher']",RICE pioneer EDUCATIONAL researcher
Baker F.B.,THE DATA BANK CONCEPT: A DISSIDENT POINT OF VIEW,1965,2,"['DATA', 'BANK', 'CONCEPT', 'A', 'DISSIDENT', 'point', 'view']",DATA BANK CONCEPT A DISSIDENT point view
Ebel R.L.,SOME MEASUREMENT PROBLEMS IN A NATIONAL ASSESSMENT OF EDUCATIONAL PROGRESS,1966,3,"['problems', 'NATIONAL', 'assessment', 'educational', 'progress']",problems NATIONAL assessment educational progress
Glass G.V.,A RANKING VARIABLE ANALOGUE OF BISERIAL CORRELATION: IMPLICATIONS FOR SHORT‐CUT ITEM ANALYSIS,1965,2,"['RANKING', 'variable', 'analogue', 'biserial', 'correlation', 'implication', 'SHORT‐CUT', 'ITEM', 'ANALYSIS']",RANKING variable analogue biserial correlation implication SHORT‐CUT ITEM ANALYSIS
Smith H.W.; May W.T.; Lebovitz L.,TESTING EXPERIENCE AND STANFORD‐BINET SCORES,1966,3,"['testing', 'EXPERIENCE', 'STANFORD‐BINET', 'SCORES']",testing EXPERIENCE STANFORD‐BINET SCORES
Sassenrath J.M.; Pugh R.,RELATIONSHIPS AMONG CEEB SCHOLASTIC APTITUDE TEST AND AMERICAN COLLEGE TEST SCORES AND GRADE POINT AVERAGE,1965,2,"['relationship', 'CEEB', 'SCHOLASTIC', 'APTITUDE', 'test', 'AMERICAN', 'COLLEGE', 'test', 'SCORES', 'GRADE', 'POINT', 'AVERAGE']",relationship CEEB SCHOLASTIC APTITUDE test AMERICAN COLLEGE test SCORES GRADE POINT AVERAGE
Baker F.B.,ORIGINS OF THE ITEM PARAMETERS X50 AND β AS A MODERN ITEM ANALYSIS TECHNIQUE,1965,2,"['ORIGINS', 'ITEM', 'PARAMETERS', 'X50', 'β', 'MODERN', 'ITEM', 'ANALYSIS', 'TECHNIQUE']",ORIGINS ITEM PARAMETERS X50 β MODERN ITEM ANALYSIS TECHNIQUE
Egbert R.L.,THE ROLE OF COMPUTER SIMULATION IN EDUCATION,1965,2,"['ROLE', 'COMPUTER', 'SIMULATION']",ROLE COMPUTER SIMULATION
Menne J.W.,TECHNIQUES FOR EVALUATING THE COLLEGE ENVIRONMENT,1967,4,"['technique', 'evaluate', 'COLLEGE', 'ENVIRONMENT']",technique evaluate COLLEGE ENVIRONMENT
Ellis A.B.,REGIONAL DATA BANKS AND EDUCATION,1965,2,"['REGIONAL', 'datum', 'bank']",REGIONAL datum bank
Yett F.A.,THE SIMULATION OF MANAGEMENT DECISIONS FOR PROFESSIONAL STAFF CONTROL,1965,2,"['SIMULATION', 'management', 'decision', 'PROFESSIONAL', 'STAFF', 'CONTROL']",SIMULATION management decision PROFESSIONAL STAFF CONTROL
Lunneborg C.E.,A RESEARCH REVIEW OF THE WASHINGTON PRE‐COLLEGE TESTING PROGRAM,1966,3,"['RESEARCH', 'REVIEW', 'WASHINGTON', 'PRE‐COLLEGE', 'TESTING', 'program']",RESEARCH REVIEW WASHINGTON PRE‐COLLEGE TESTING program
Hills J.R.,DIVERSITY AND THE EFFECT OF SELECTIVE ADMISSIONS,1966,3,"['DIVERSITY', 'effect', 'selective', 'admission']",DIVERSITY effect selective admission
"Steel T.B., Jr.",EDUCATION AND THE NEXT GENERATION OF COMPUTERS,1965,2,"['EDUCATION', 'generation', 'computer']",EDUCATION generation computer
Brown F.G.; Scott D.A.,THE UNPREDICTABILITY OF PREDICTABILITY,1966,3,"['UNPREDICTABILITY', 'predictability']",UNPREDICTABILITY predictability
Moore J.C.,THE RELATIONSHIP BETWEEN TIME TAKEN TO COMPLETE THE EXAMPLE QUESTIONS AND RAW SCORE ON THE MILLER ANALOGIES TEST,1966,3,"['RELATIONSHIP', 'TIME', 'TAKEN', 'COMPLETE', 'example', 'question', 'raw', 'score', 'MILLER', 'ANALOGIES', 'test']",RELATIONSHIP TIME TAKEN COMPLETE example question raw score MILLER ANALOGIES test
Engelhart M.D.; Thomas M.,RICE AS THE INVENTOR OF THE COMPARATIVE TEST,1966,3,"['RICE', 'inventor', 'COMPARATIVE', 'test']",RICE inventor COMPARATIVE test
Hills J.R.; Klock J.A.,SETTING CUTOFF SCORES IN SELECTIVE ADMISSIONS,1965,2,"['set', 'cutoff', 'SCORES', 'selective', 'admission']",set cutoff SCORES selective admission
Traub R.E.,A NOTE ON THE RELIABILITY OF RESIDUAL CHANGE SCORES,1967,4,"['note', 'RELIABILITY', 'RESIDUAL', 'CHANGE', 'SCORES']",note RELIABILITY RESIDUAL CHANGE SCORES
Otto W.; McMenemy R.A.,AN APPRAISAL OF THE AMMONS QUICK TEST IN A REMEDIAL READING PROGRAM,1965,2,"['appraisal', 'AMMONS', 'QUICK', 'test', 'remedial', 'reading', 'program']",appraisal AMMONS QUICK test remedial reading program
Cogswell J.F.; Egbert R.L.; Marsh D.G.; Yett F.A.,CONSTRUCTION AND USE OF THE SCHOOL SIMULATION VEHICLE,1965,2,"['construction', 'SCHOOL', 'SIMULATION', 'VEHICLE']",construction SCHOOL SIMULATION VEHICLE
Lewis W.A.,EARLY PREDICTION OF COLLEGE GPA USING PRE‐COLLEGE SCHOOL GRADES,1966,3,"['early', 'PREDICTION', 'COLLEGE', 'GPA', 'PRE‐COLLEGE', 'SCHOOL', 'GRADES']",early PREDICTION COLLEGE GPA PRE‐COLLEGE SCHOOL GRADES
Macarthur R.S.; Mosychuk H.,LOWER AND UPPER SOCIOECONOMIC GROUP CONTRASTS IN LONG‐TERM PREDICTABILITY OF GRADE NINE ACHIEVEMENT,1966,3,"['low', 'UPPER', 'SOCIOECONOMIC', 'GROUP', 'contrast', 'long‐term', 'predictability', 'GRADE', 'NINE', 'achievement']",low UPPER SOCIOECONOMIC GROUP contrast long‐term predictability GRADE NINE achievement
Tenopyr M.L.; Jacobs A.; Michael W.B.,A DIMENSIONAL ANALYSIS OF GUILFORD‐ZIMMERMAN TEMPERAMENT SURVEY SCORES RELATIVE TO CONTENT AND RESPONSE STYLE,1966,3,"['dimensional', 'analysis', 'GUILFORD‐ZIMMERMAN', 'TEMPERAMENT', 'SURVEY', 'SCORES', 'relative', 'CONTENT', 'RESPONSE', 'STYLE']",dimensional analysis GUILFORD‐ZIMMERMAN TEMPERAMENT SURVEY SCORES relative CONTENT RESPONSE STYLE
Wolf R.,EVALUATION OF SEVERAL FORMULAE FOR CORRECTION OF ITEM‐TOTAL CORRELATIONS IN ITEM ANALYSIS,1967,4,"['evaluation', 'FORMULAE', 'correction', 'item‐total', 'CORRELATIONS', 'ITEM', 'ANALYSIS']",evaluation FORMULAE correction item‐total CORRELATIONS ITEM ANALYSIS
Madaus G.F.; Rippey R.M.,ZEROING IN ON THE STEP WRITING TEST: WHAT DOES IT TELL A TEACHER?,1966,3,"['zero', 'ON', 'step', 'write', 'test', 'tell', 'teacher']",zero ON step write test tell teacher
Evans G.T.,GROWTH FACTOR ANALYSIS OF THE IOWA TESTS OF EDUCATIONAL DEVELOPMENT,1967,4,"['GROWTH', 'factor', 'analysis', 'iowa', 'test', 'EDUCATIONAL', 'DEVELOPMENT']",GROWTH factor analysis iowa test EDUCATIONAL DEVELOPMENT
Hjelm H.F.,A NATIONAL DATA BANK ‐ THE U.S. OFFICE OF EDUCATION,1965,2,"['NATIONAL', 'DATA', 'BANK', '‐', 'US', 'OFFICE']",NATIONAL DATA BANK ‐ US OFFICE
Coulson J.E.; Cogswell J.F.,EFFECTS OF INDIVIDUALIZED INSTRUCTION ON TESTING,1965,2,"['effect', 'individualized', 'instruction', 'ON', 'testing']",effect individualized instruction ON testing
Graham P.A.,JOSEPH MAYER RICE AS A FOUNDER OF THE PROGRESSIVE EDUCATION MOVEMENT,1966,3,"['JOSEPH', 'MAYER', 'RICE', 'founder', 'PROGRESSIVE', 'EDUCATION', 'MOVEMENT']",JOSEPH MAYER RICE founder PROGRESSIVE EDUCATION MOVEMENT
Forbes J.,OPERATIONAL GAMING AND DECISION SIMULATION,1965,2,"['operational', 'gaming', 'decision', 'simulation']",operational gaming decision simulation
Weitman M.,ITEM CHARACTERISTICS AND LONG‐TERM RETENTION,1965,2,"['ITEM', 'CHARACTERISTICS', 'LONG‐TERM', 'retention']",ITEM CHARACTERISTICS LONG‐TERM retention
Carver R.P.; DuBois P.H.,THE RELATIONSHIP BETWEEN LEARNING AND INTELLIGENCE,1967,4,"['RELATIONSHIP', 'LEARNING', 'INTELLIGENCE']",RELATIONSHIP LEARNING INTELLIGENCE
Caldwell E.; Hartnett R.,SEX BIAS IN COLLEGE GRADING?,1967,4,"['SEX', 'BIAS', 'COLLEGE', 'GRADING']",SEX BIAS COLLEGE GRADING
Hopkins K.D.; Lefever D.W.; Hopkins B.R.,TV VS. TEACHER ADMINISTRATION OF STANDARDIZED TESTS: COMPARABILITY OF SCORES,1967,4,"['tv', 'VS', 'teacher', 'ADMINISTRATION', 'standardized', 'test', 'comparability', 'scores']",tv VS teacher ADMINISTRATION standardized test comparability scores
Stanley J.C.; Porter A.C.,CORRELATION OF SCHOLASTIC APTITUDE TEST SCORE WITH COLLEGE GRADES FOR NEGROES VERSUS WHITES,1967,4,"['correlation', 'SCHOLASTIC', 'APTITUDE', 'test', 'score', 'COLLEGE', 'GRADES', 'NEGROES', 'versus', 'white']",correlation SCHOLASTIC APTITUDE test score COLLEGE GRADES NEGROES versus white
Coffman W.E.,ON THE VALIDITY OF ESSAY TESTS OF ACHIEVEMENT,1966,3,"['VALIDITY', 'essay', 'test', 'ACHIEVEMENT']",VALIDITY essay test ACHIEVEMENT
Stanley J.C.,ANALYSIS OF VARIANCE OF GAIN SCORES WHEN INITIAL ASSIGNMENT IS RANDOM,1966,3,"['ANALYSIS', 'variance', 'GAIN', 'SCORES', 'INITIAL', 'ASSIGNMENT', 'RANDOM']",ANALYSIS variance GAIN SCORES INITIAL ASSIGNMENT RANDOM
Dizney H.,CHARACTERISTICS OF CLASSROOM TEST ITEMS IDENTIFIED BY STUDENTS AS “UNFAIR”,1965,2,"['CHARACTERISTICS', 'CLASSROOM', 'test', 'items', 'identify', 'student', '""', 'unfair', '""']","CHARACTERISTICS CLASSROOM test items identify student "" unfair """
Schwarz J.C.,A NEW PROCEDURE FOR ADMINISTERING OBJECTIVE TESTS TO LARGE CLASSES,1967,4,"['new', 'procedure', 'administer', 'objective', 'test', 'large', 'class']",new procedure administer objective test large class
Forehand G.A.,THE ROLE OF THE EVALUATOR IN CURRICULUM RESEARCH,1966,3,"['ROLE', 'EVALUATOR', 'CURRICULUM', 'RESEARCH']",ROLE EVALUATOR CURRICULUM RESEARCH
Adams S.; Yon Brock R.C.,THE DEVELOPMENT OF THE A‐V SCALE OF ATTITUDES TOWARD MATHEMATICS,1967,4,"['DEVELOPMENT', 'A‐V', 'SCALE', 'ATTITUDES', 'MATHEMATICS']",DEVELOPMENT A‐V SCALE ATTITUDES MATHEMATICS
Schrader W.B.,A TAXONOMY OF EXPECTANCY TABLES,1965,2,"['TAXONOMY', 'EXPECTANCY', 'tables']",TAXONOMY EXPECTANCY tables
Clark J.L.D.,HEM‐BY‐ITEM PARALLEL ACHIVEMENT TESTS FOR DIFFERENT FOREIGN LANGUAGES,1965,2,"['HEM‐BY‐ITEM', 'PARALLEL', 'achivement', 'test', 'different', 'foreign', 'language']",HEM‐BY‐ITEM PARALLEL achivement test different foreign language
Stanley J.C.,GENERAL AND SPECIAL FORMULAS FOR RELIABILITY OF DIFFERENCES,1967,4,"['GENERAL', 'SPECIAL', 'formulas', 'RELIABILITY', 'difference']",GENERAL SPECIAL formulas RELIABILITY difference
Cooley W.W.,THE PROJECT TALENT DATA BANK,1965,2,"['PROJECT', 'talent', 'DATA', 'BANK']",PROJECT talent DATA BANK
Hartnett R.T.; Seligsohn H.C.,THE EFFECTS OF VARYING DEGREES OF ANONYMITY ON RESPONSES TO DIFFERENT TYPES OF PSYCHOLOGICAL QUESTIONNAIRES,1967,4,"['effect', 'VARYING', 'DEGREES', 'ANONYMITY', 'ON', 'response', 'different', 'type', 'PSYCHOLOGICAL', 'QUESTIONNAIRES']",effect VARYING DEGREES ANONYMITY ON response different type PSYCHOLOGICAL QUESTIONNAIRES
Covington M.V.,A CHILDHOOD ATTITUDE INVENTORY FOR PROBLEM SOLVING,1966,3,"['CHILDHOOD', 'ATTITUDE', 'INVENTORY', 'problem', 'solving']",CHILDHOOD ATTITUDE INVENTORY problem solving
Glass G.V.,FACTORS IN TEACHERS' PERCEPTIONS OF STUDENTS,1967,4,"['factor', 'TEACHERS', 'perception', 'student']",factor TEACHERS perception student
Yee A.H.,IS THE MINNESOTA TEACHER ATTITUDE INVENTORY VALID AND HOMOGENEOUS?,1967,4,"['minnesota', 'teacher', 'ATTITUDE', 'INVENTORY', 'VALID', 'HOMOGENEOUS']",minnesota teacher ATTITUDE INVENTORY VALID HOMOGENEOUS
Cox R.C.,ITEM SELECTION TECHNIQUES AND EVALUATION OF INSTRUCTIONAL OBJECTIVES,1965,2,"['ITEM', 'SELECTION', 'TECHNIQUES', 'evaluation', 'instructional', 'objective']",ITEM SELECTION TECHNIQUES evaluation instructional objective
"Aiken L.R., Jr",ANOTHER LOOK AT WEIGHTING TEST ITEMS,1966,3,"['LOOK', 'WEIGHTING', 'test', 'ITEMS']",LOOK WEIGHTING test ITEMS
Veal L.R.,MEASURING WRITING IMPROVEMENT DURING AN NDEA ENGLISH INSTITUTE,1966,3,"['measure', 'write', 'improvement', 'AN', 'NDEA', 'ENGLISH', 'INSTITUTE']",measure write improvement AN NDEA ENGLISH INSTITUTE
Cox R.C.; Graham G.T.,THE DEVELOPMENT OF A SEQUENTIALLY SCALED ACHIEVEMENT TEST,1966,3,"['DEVELOPMENT', 'sequentially', 'scaled', 'achievement', 'test']",DEVELOPMENT sequentially scaled achievement test
Lehmann I.J.,Curricular Differences in Selected Cognitive and Affective Characteristics,1965,2,"['Curricular', 'Differences', 'Selected', 'Cognitive', 'Affective', 'Characteristics']",Curricular Differences Selected Cognitive Affective Characteristics
Stodola Q.C.; Peterson D.E.; Holoien M.O.,SOME PRACTICAL USES OF DATA PROCESSING METHODS IN CLASSROOM TESTING AND STUDENT PERSONNEL SERVICES,1965,2,"['PRACTICAL', 'datum', 'processing', 'METHODS', 'classroom', 'testing', 'student', 'PERSONNEL', 'service']",PRACTICAL datum processing METHODS classroom testing student PERSONNEL service
Astin A.W.,POTENTIAL USES OF DATA COLLECTED THROUGH MASSIVE TESTING PROGRAMS,1965,2,"['POTENTIAL', 'datum', 'collect', 'massive', 'TESTING', 'PROGRAMS']",POTENTIAL datum collect massive TESTING PROGRAMS
Stake R.E.; Womer F.B.; Hills J.R.,THE ANSWER‐SHEET PURCHASER'S DILEMMA,1966,3,"['answer‐sheet', 'purchaser', 'DILEMMA']",answer‐sheet purchaser DILEMMA
Bartlett C.J.,A FORCED‐CHOICE TEACHER ATTITUDE INVENTORY,1966,3,"['forced‐choice', 'teacher', 'ATTITUDE', 'INVENTORY']",forced‐choice teacher ATTITUDE INVENTORY
Linn R.L.,GRADE ADJUSTMENTS FOR PREDICTION OF ACADEMIC PERFORMANCE: A REVIEW,1966,3,"['grade', 'adjustment', 'prediction', 'academic', 'PERFORMANCE', 'REVIEW']",grade adjustment prediction academic PERFORMANCE REVIEW
Kowitz G.T.; Armstrong C.M.,PATTERNS OF ACADEMIC DEVELOPMENT,1965,2,"['PATTERNS', 'ACADEMIC', 'DEVELOPMENT']",PATTERNS ACADEMIC DEVELOPMENT
Hastings J.T.,CURRICULUM EVALUATION: THE WHY OF THE OUTCOMES,1966,3,"['CURRICULUM', 'evaluation', 'WHY', 'OUTCOMES']",CURRICULUM evaluation WHY OUTCOMES
Maberly N.C.,CHARACTERISTICS OF INTERNAL CONSISTENCY ESTIMATES WITHIN RESTRICTED SCORE RANGES,1967,4,"['CHARACTERISTICS', 'INTERNAL', 'consistency', 'estimate', 'RESTRICTED', 'SCORE', 'range']",CHARACTERISTICS INTERNAL consistency estimate RESTRICTED SCORE range
Millman J.; Glass G.V.,RULES OF THUMB FOR WRITING THE ANOVA TABLE,1967,4,"['rule', 'THUMB', 'write', 'ANOVA', 'TABLE']",rule THUMB write ANOVA TABLE
Grobman H.,THE PLACE OF EVALUATION IN THE BIOLOGICAL SCIENCES CURRICULUM STUDY,1966,3,"['PLACE', 'evaluation', 'BIOLOGICAL', 'SCIENCES', 'curriculum', 'study']",PLACE evaluation BIOLOGICAL SCIENCES curriculum study
Gelso C.J.; Klock J.A.,THE “ACADEMIC” VS. THE “TOTAL” HIGH SCHOOL AVERAGE: A RE‐EXAMINATION,1967,4,"['""', 'ACADEMIC', '""', 'VS', '""', 'total', '""', 'high', 'SCHOOL', 'AVERAGE', 'A', 're‐examination']",""" ACADEMIC "" VS "" total "" high SCHOOL AVERAGE A re‐examination"
Bauernfeind R.H.,"TEACHER PREFERENCES FOR TYPES OF STANDARDIZED TESTS: STUDIES IN THREE ILLINOIS SCHOOL DISTRICTS, 1964–1965",1967,4,"['teacher', 'preference', 'type', 'standardized', 'test', 'study', 'ILLINOIS', 'SCHOOL', 'district', '1964–1965']",teacher preference type standardized test study ILLINOIS SCHOOL district 1964–1965
Hanna G.S.,THE USE OF STUDENTS' PREDICTIONS OF SUCCESS IN GEOMETRY AND YEAR OF HIGH SCHOOL TO AUGMENT PREDICTIONS MADE FROM TEST SCORES AND PAST GRADES,1967,4,"['student', 'prediction', 'success', 'GEOMETRY', 'YEAR', 'high', 'SCHOOL', 'AUGMENT', 'prediction', 'test', 'SCORES', 'PAST', 'GRADES']",student prediction success GEOMETRY YEAR high SCHOOL AUGMENT prediction test SCORES PAST GRADES
Justman J.,ACADEMIC APTITUDE AND READING TEST SCORES OF DISADVANTAGED CHILDREN SHOWING VARYING DEGREES OF MOBILITY,1965,2,"['ACADEMIC', 'APTITUDE', 'read', 'test', 'SCORES', 'disadvantaged', 'child', 'VARYING', 'DEGREES', 'MOBILITY']",ACADEMIC APTITUDE read test SCORES disadvantaged child VARYING DEGREES MOBILITY
Lange A.; Lehmann I.J.; Mehrens W.A.,USING ITEM ANALYSIS TO IMPROVE TESTS,1967,4,"['ITEM', 'analysis', 'improve', 'test']",ITEM analysis improve test
Furst E.J.,TASKS OF EVALUATION IN AN EXPERIMENTAL ECONOMICS COURSE,1966,3,"['tasks', 'evaluation', 'EXPERIMENTAL', 'ECONOMICS', 'COURSE']",tasks evaluation EXPERIMENTAL ECONOMICS COURSE
Williamson M.L.; Hopkins K.D.,THE USE OF “NONE‐OF‐THESE” VERSUS HOMOGENEOUS ALTERNATIVES ON MULTIPLE‐CHOICE TESTS: EXPERIMENTAL RELIABILITY AND VALIDITY COMPARISONS,1967,4,"['""', 'none‐of‐these', '""', 'versus', 'homogeneous', 'alternatives', 'ON', 'multiple‐choice', 'test', 'experimental', 'RELIABILITY', 'VALIDITY', 'comparison']",""" none‐of‐these "" versus homogeneous alternatives ON multiple‐choice test experimental RELIABILITY VALIDITY comparison"
Irwin D.O.,RELIABILITY OF THE WECHSLER INTELLIGENCE SCALE FOR CHILDREN,1966,3,"['reliability', 'wechsler', 'intelligence', 'scale', 'CHILDREN']",reliability wechsler intelligence scale CHILDREN
Bormuth J.R.,OPTIMUM SAMPLE SIZE AND CLOZE TEST LENGTH IN READABILITY MEASUREMENT,1965,2,"['optimum', 'sample', 'SIZE', 'CLOZE', 'test', 'LENGTH', 'READABILITY']",optimum sample SIZE CLOZE test LENGTH READABILITY
Saupe J.L.,SELECTING ITEMS TO MEASURE CHANGE,1966,3,"['SELECTING', 'items', 'measure', 'change']",SELECTING items measure change
Cook D.L.; Stufflebeam D.L.,ESTIMATING TEST NORMS FROM VARIABLE SIZE ITEM AND EXAMINEE SAMPLES,1967,4,"['estimate', 'test', 'norms', 'variable', 'SIZE', 'ITEM', 'EXAMINEE', 'samples']",estimate test norms variable SIZE ITEM EXAMINEE samples
Adams J.F.,THE RELIABILITY AND ACCURACY OF COMMERCIAL MACHINE SCORING OF THE STRONG VOCATIONAL INTEREST BLANK,1965,2,"['RELIABILITY', 'ACCURACY', 'commercial', 'machine', 'scoring', 'STRONG', 'VOCATIONAL', 'interest', 'BLANK']",RELIABILITY ACCURACY commercial machine scoring STRONG VOCATIONAL interest BLANK
Madaus G.F.,DIVERGENT THINKING AND INTELLIGENCE: ANOTHER LOOK AT A CONTROVERSIAL QUESTION,1967,4,"['divergent', 'thinking', 'intelligence', 'look', 'CONTROVERSIAL', 'question']",divergent thinking intelligence look CONTROVERSIAL question
Stordahl K.E.,PREDICTING GRADES IN A MASTER'S‐DEGREE PROGRAM,1967,4,"['predict', 'GRADES', 'MASTERS‐DEGREE', 'program']",predict GRADES MASTERS‐DEGREE program
Miller D.M.; Lutz M.V.,ITEM DESIGN FOR AN INVENTORY OF TEACHING PRACTICES AND LEARNING SITUATIONS,1966,3,"['ITEM', 'DESIGN', 'inventory', 'teaching', 'PRACTICES', 'learn', 'situation']",ITEM DESIGN inventory teaching PRACTICES learn situation
Tully G.E.; Hall B.W.,NOTE: TEST‐RETEST RELIABILITY OF THE SCHOOL AND COLLEGE ABILITY TEST,1965,2,"['note', 'test‐retest', 'RELIABILITY', 'SCHOOL', 'COLLEGE', 'ABILITY', 'test']",note test‐retest RELIABILITY SCHOOL COLLEGE ABILITY test
Sax G.; Cromack T.R.,THE EFFECTS OF VARIOUS FORMS OF ITEM ARRANGEMENTS ON TEST PERORMANCE,1966,3,"['effect', 'FORMS', 'ITEM', 'arrangement', 'test', 'PERORMANCE']",effect FORMS ITEM arrangement test PERORMANCE
Merwin J.C.,THE PROGRESS OF EXPLORATION TOWARD A NATIONAL ASSESSMENT OF EDUCATIONAL PROGRESS,1966,3,"['progress', 'exploration', 'NATIONAL', 'assessment', 'educational', 'progress']",progress exploration NATIONAL assessment educational progress
Tyler R.W.,THE OBJECTIVES AND PLANS FOR A NATIONAL ASSESSMENT OF EDUCATIONAL PROGRESS,1966,3,"['OBJECTIVES', 'plan', 'NATIONAL', 'assessment', 'educational', 'progress']",OBJECTIVES plan NATIONAL assessment educational progress
Horn J.L.,SOME CHARACTERISTICS OF CLASSROOM EXAMINATIONS,1966,3,"['CHARACTERISTICS', 'CLASSROOM', 'examination']",CHARACTERISTICS CLASSROOM examination
Goyer R.S.,A TEST TO MEASURE THE ABILITY TO ORGANIZE IDEAS,1967,4,"['test', 'measure', 'ability', 'organize', 'idea']",test measure ability organize idea
Lindholm B.W.,A LONGITUDINAL STUDY OF DEVIATION IQs AND GRADES IN SCHOOL,1965,2,"['LONGITUDINAL', 'study', 'deviation', 'iq', 'GRADES', 'SCHOOL']",LONGITUDINAL study deviation iq GRADES SCHOOL
Munday L.,PREDICTING COLLEGE GRADES IN PREDOMINANTLY NEGRO COLLEGES,1965,2,"['predict', 'COLLEGE', 'GRADES', 'PREDOMINANTLY', 'NEGRO', 'COLLEGES']",predict COLLEGE GRADES PREDOMINANTLY NEGRO COLLEGES
Milholland J.E.; Womer F.B.,THE RELATION OF NINTH AND TENTH GRADE DIFFERENTIAL APTITUDE TEST SCORES TO CHOICES OF ACADEMIC MAJORS AT THE UNIVERSITY OF MICHIGAN,1965,2,"['RELATION', 'NINTH', 'TENTH', 'GRADE', 'DIFFERENTIAL', 'APTITUDE', 'test', 'SCORES', 'CHOICES', 'academic', 'MAJORS', 'UNIVERSITY', 'MICHIGAN']",RELATION NINTH TENTH GRADE DIFFERENTIAL APTITUDE test SCORES CHOICES academic MAJORS UNIVERSITY MICHIGAN
Hills J.R.; Bush M.L.; Klock J.A.,KEEPING COLLEGE PREDICTION EQUATIONS CURRENT,1966,3,"['COLLEGE', 'PREDICTION', 'equation', 'CURRENT']",COLLEGE PREDICTION equation CURRENT
"Goolsby T.M., Jr",DIFFERENTIATING BETWEEN MEASURES OF DIFFERENT OUTCOMES IN THE SOCIAL STUDIES,1966,3,"['differentiating', 'MEASURES', 'different', 'OUTCOMES', 'SOCIAL', 'study']",differentiating MEASURES different OUTCOMES SOCIAL study
Creager J.A.,THE USE OF PUBLICATION CITATIONS IN EDUCATIONAL RESEARCH,1966,3,"['publication', 'citation', 'EDUCATIONAL', 'RESEARCH']",publication citation EDUCATIONAL RESEARCH
Cureton E.E.,SIMPLIFIED FORMULAS FOR ITEM ANALYSIS,1966,3,"['SIMPLIFIED', 'FORMULAS', 'ITEM', 'ANALYSIS']",SIMPLIFIED FORMULAS ITEM ANALYSIS
Klein S.; Skager R.; Erlebacher W.,MEASURING ARTISTIC CREATIVITY AND FLEXIBILITY,1966,3,"['measure', 'artistic', 'CREATIVITY', 'FLEXIBILITY']",measure artistic CREATIVITY FLEXIBILITY
Lehmann I.J.,THE COLLEGE FACULTY AS PERCEIVED BY GRADUATES AND NON‐GRADUATES,1966,3,"['COLLEGE', 'FACULTY', 'PERCEIVED', 'BY', 'graduate', 'non‐graduates']",COLLEGE FACULTY PERCEIVED BY graduate non‐graduates
Gerlach V.S.,PREPARING TRANSPARENT KEYS FOR INSPECTING ANSWER SHEETS,1966,3,"['prepare', 'transparent', 'keys', 'inspect', 'ANSWER', 'sheets']",prepare transparent keys inspect ANSWER sheets
Greene F.P.,MODIFICATION OF THE CLOZE PROCEDURE AND CHANGES IN READING TEST PERFORMANCES,1965,2,"['modification', 'CLOZE', 'procedure', 'change', 'read', 'test', 'performance']",modification CLOZE procedure change read test performance
Abe C.,A FACTOR ANALYTIC STUDY OF SOME NON‐INTELLECTUAL INDICES OF ACADEMIC ACHIEVEMENT,1966,3,"['factor', 'analytic', 'study', 'non‐intellectual', 'index', 'ACADEMIC', 'achievement']",factor analytic study non‐intellectual index ACADEMIC achievement
Dizney H.F.; Beggs D.L.,A COMPARISON OF GRADE EQUIVALENT SCORES BETWEEN GRADE LEVELS ON TWO SUBTESTS OF THE IOWA TESTS OF BASIC SKILLS,1965,2,"['comparison', 'GRADE', 'EQUIVALENT', 'scores', 'GRADE', 'LEVELS', 'SUBTESTS', 'iowa', 'test', 'basic', 'skill']",comparison GRADE EQUIVALENT scores GRADE LEVELS SUBTESTS iowa test basic skill
Morse P.K.,REPORTING TEST RESULTS: PERCENTILE BANDS VS. PERCENTILE RANKS,1964,1,"['report', 'test', 'RESULTS', 'PERCENTILE', 'band', 'VS', 'PERCENTILE', 'rank']",report test RESULTS PERCENTILE band VS PERCENTILE rank
Hills J.R.,THE EFFECT OF ADMISSIONS POLICY ON COLLEGE GRADING STANDARDS,1964,1,"['effect', 'ADMISSIONS', 'POLICY', 'ON', 'COLLEGE', 'GRADING', 'STANDARDS']",effect ADMISSIONS POLICY ON COLLEGE GRADING STANDARDS
Goodwin W.L.,ADJUSTMENT FOR SEX AND VARIABILITY DIFFERENCES ON THE ALLPORT‐VERNON‐LINDZEY STUDY OF VALUES PROFILES,1964,1,"['adjustment', 'sex', 'VARIABILITY', 'difference', 'allport‐vernon‐lindzey', 'study', 'values', 'profiles']",adjustment sex VARIABILITY difference allport‐vernon‐lindzey study values profiles
Willingham W.W.,AN EMPIRICAL EVALUATION OF THREE TYPES OF COLLEGE GRADE SCALES,1964,1,"['EMPIRICAL', 'evaluation', 'type', 'COLLEGE', 'GRADE', 'scale']",EMPIRICAL evaluation type COLLEGE GRADE scale
Glass G.V.,HOW MAY SALIENCE OF A MEMBERSHIP GROUP BE INCREASED?,1964,1,"['MAY', 'SALIENCE', 'MEMBERSHIP', 'GROUP', 'increase']",MAY SALIENCE MEMBERSHIP GROUP increase
Baker F.B.,AN INTERSECTION OF TEST SCORE INTERPRETATION AND ITEM ANALYSIS,1964,1,"['intersection', 'test', 'SCORE', 'INTERPRETATION', 'ITEM', 'ANALYSIS']",intersection test SCORE INTERPRETATION ITEM ANALYSIS
Connolly J.A.; Wantman M.J.,AN EXPLORATION OF ORAL REASONING PROCESSES IN RESPONDING TO OBJECTIVE TEST ITEMS,1964,1,"['exploration', 'oral', 'reasoning', 'process', 'respond', 'objective', 'test', 'ITEMS']",exploration oral reasoning process respond objective test ITEMS
Lindquist E.F.,EQUATING SCORES ON NON‐PARALLEL TESTS,1964,1,"['EQUATING', 'SCORES', 'ON', 'NON‐PARALLEL', 'TESTS']",EQUATING SCORES ON NON‐PARALLEL TESTS
"Tillinghast B.S., Jr.",TEN POINTS TO CONSIDER IN MAKING TEST INTERPRETATIONS TO GROUPS,1964,1,"['point', 'consider', 'test', 'INTERPRETATIONS', 'GROUPS']",point consider test INTERPRETATIONS GROUPS
Juola A.E.,THE PREDICTION OF COLLEGE DROPOUT FROM FRESHMAN LEVEL ABILITY TEST SCORES,1964,1,"['PREDICTION', 'COLLEGE', 'DROPOUT', 'FRESHMAN', 'LEVEL', 'ABILITY', 'test', 'SCORES']",PREDICTION COLLEGE DROPOUT FRESHMAN LEVEL ABILITY test SCORES
Feldhusen J.F.,STUDENT PERCEPTIONS OF FREQUENT QUIZZES AND POST‐MORTEM DISCUSSIONS OF TESTS,1964,1,"['student', 'perception', 'frequent', 'quizzes', 'post‐mortem', 'discussion', 'test']",student perception frequent quizzes post‐mortem discussion test
Pruzek R.M.,PREDICTION OF SUCCESS IN ELEMENTARY STATISTICS,1964,1,"['prediction', 'SUCCESS', 'ELEMENTARY', 'STATISTICS']",prediction SUCCESS ELEMENTARY STATISTICS
Glass G.V.; Wiley D.E.,FORMULA SCORING AND TEST RELIABILITY,1964,1,"['formula', 'scoring', 'test', 'RELIABILITY']",formula scoring test RELIABILITY
Engelhart M.D.,A COMPARISON OF SEVERAL ITEM DISCRIMINATION INDICES,1965,2,"['comparison', 'ITEM', 'discrimination', 'index']",comparison ITEM discrimination index
Flanagan J.C.,OBTAINING USEFUL COMPARABLE SCORES FOR NON‐PARALLEL TESTS AND TEST BATTERIES,1964,1,"['obtain', 'USEFUL', 'COMPARABLE', 'SCORES', 'non‐parallel', 'TESTS', 'test', 'battery']",obtain USEFUL COMPARABLE SCORES non‐parallel TESTS test battery
McKelpin J.P.,SOME IMPLICATIONS OF THE INTELLECTUAL CHARACTERISTICS OF FRESHMEN ENTERING A LIBERAL ARTS COLLEGE,1965,2,"['implication', 'INTELLECTUAL', 'CHARACTERISTICS', 'FRESHMEN', 'ENTERING', 'LIBERAL', 'ARTS', 'COLLEGE']",implication INTELLECTUAL CHARACTERISTICS FRESHMEN ENTERING LIBERAL ARTS COLLEGE
Krauskopf C.J.,A CONSTRUCT VALIDATION OF A CLASSROOM TEST,1964,1,"['construct', 'validation', 'CLASSROOM', 'test']",construct validation CLASSROOM test
Loiselle H.G.,PRACTICAL NORMING CONSIDERATIONS AFFECTING TEST INTERPRETATION,1964,1,"['PRACTICAL', 'NORMING', 'consideration', 'affect', 'test', 'INTERPRETATION']",PRACTICAL NORMING consideration affect test INTERPRETATION
French J.L.; Greer D.,EFFECT OF TEST‐ITEM ARRANGEMENT ON PHYSIOLOGICAL AND PSYCHOLOGICAL BEHAVIOR IN PRIMARY‐SCHOOL CHILDREN,1964,1,"['effect', 'TEST‐ITEM', 'arrangement', 'PHYSIOLOGICAL', 'psychological', 'behavior', 'PRIMARY‐SCHOOL', 'CHILDREN']",effect TEST‐ITEM arrangement PHYSIOLOGICAL psychological behavior PRIMARY‐SCHOOL CHILDREN
Noll V.H.,IMPLICATIONS FOR POLICY OF THE NATIONAL COUNCIL ON MEASUREMENT IN EDUCATION OF CONANT'S THE EDUCATION OF AMERICAN TEACHERS,1964,1,"['implication', 'policy', 'NATIONAL', 'COUNCIL', 'ON', 'MEASUREMENT', 'conant', 'AMERICAN', 'teacher']",implication policy NATIONAL COUNCIL ON MEASUREMENT conant AMERICAN teacher
Stoker H.W.; Kropp R.P.,MEASUREMENT OF COGNITIVE PROCESSES,1964,1,"['MEASUREMENT', 'cognitive', 'process']",MEASUREMENT cognitive process
"Giles G.C., Jr.",PREDICTIVE VALIDITY OF PROGRESSIVE MATRICES AND TWO OTHER NONLANGUAGE TESTS OF MENTAL ABILITY,1964,1,"['predictive', 'VALIDITY', 'PROGRESSIVE', 'matrix', 'NONLANGUAGE', 'test', 'MENTAL', 'ABILITY']",predictive VALIDITY PROGRESSIVE matrix NONLANGUAGE test MENTAL ABILITY
Bereiter C.,HOW MAY UNITS OF MEASUREMENT BE SAFELY IGNORED?,1964,1,"['MAY', 'unit', 'MEASUREMENT', 'SAFELY', 'ignore']",MAY unit MEASUREMENT SAFELY ignore
Lennon R.T.,EQUATING NON‐PARALLEL TESTS,1964,1,"['EQUATING', 'NON‐PARALLEL', 'TESTS']",EQUATING NON‐PARALLEL TESTS
Angoff W.H.,TECHNICAL PROBLEMS OF OBTAINING EQUIVALENT SCORES ON TESTS,1964,1,"['technical', 'problems', 'obtain', 'EQUIVALENT', 'scores', 'ON', 'TESTS']",technical problems obtain EQUIVALENT scores ON TESTS
Ebel R.L.,CONFIDENCE WEIGHTING AND TEST RELIABILITY,1965,2,"['confidence', 'WEIGHTING', 'test', 'RELIABILITY']",confidence WEIGHTING test RELIABILITY
Lord F.M.,AN EMPIRICAL COMPARISON OF THE VALIDITY OF CERTAIN FORMULA‐SCORES,1964,1,"['EMPIRICAL', 'comparison', 'VALIDITY', 'certain', 'formula‐scores']",EMPIRICAL comparison VALIDITY certain formula‐scores
Bloom R.; Dunn J.A.; Morse W.C.,DATA‐SOURCE CONSENSUS: A FUNDAMENTAL PROBLEM IN CLASSROOM RESEARCH,1964,1,"['DATA‐SOURCE', 'consensu', 'fundamental', 'problem', 'CLASSROOM', 'RESEARCH']",DATA‐SOURCE consensu fundamental problem CLASSROOM RESEARCH
Zimmerman W.S.,STATISTICAL PROBLEMS AND SOME RELATED ISSUES IN THE SELECTION OF ITEMS FOR TESTS OF CREATIVITY,1964,1,"['statistical', 'problems', 'related', 'issue', 'selection', 'items', 'test', 'CREATIVITY']",statistical problems related issue selection items test CREATIVITY
Michael W.B.,THE MEASUREMENT OF CREATIVITY: OVERVIEW OF FOUR PAPERS,1964,1,"['CREATIVITY', 'OVERVIEW', 'paper']",CREATIVITY OVERVIEW paper
Chase C.I.,RELATIVE LENGTH OF OPTIONS AND RESPONSE SET IN MULTIPLE CHOICE ITEMS,1964,1,"['RELATIVE', 'LENGTH', 'OPTIONS', 'RESPONSE', 'SET', 'multiple', 'choice', 'items']",RELATIVE LENGTH OPTIONS RESPONSE SET multiple choice items
Denny T.; Paterson J.; Feldhusen J.,ANXIETY AND ACHIEVEMENT AS FUNCTIONS OF DAILY TESTING,1964,1,"['ANXIETY', 'ACHIEVEMENT', 'function', 'DAILY', 'testing']",ANXIETY ACHIEVEMENT function DAILY testing
Hills J.R.,PREDICTION OF COLLEGE GRADES FOR ALL PUBLIC COLLEGES OF A STATE,1964,1,"['prediction', 'COLLEGE', 'GRADES', 'PUBLIC', 'COLLEGES', 'state']",prediction COLLEGE GRADES PUBLIC COLLEGES state
Findley W.G.,WHEN AND HOW TO TEACH EDUCATIONAL MEASUREMENTS,1964,1,"['teach', 'EDUCATIONAL']",teach EDUCATIONAL
Sassenrath J.; Kight H.; Kaiser H.F.,TING FACTORS FROM THE TEST ANXIETY AND GENERAL ANXIETY QUESTION‐ NAIRES AND THE MANIFEST ANXIETY SCALE BETWEEN TWO SAMPLES OF UNIVERSITY STUDENTS,1964,1,"['TING', 'FACTORS', 'test', 'ANXIETY', 'GENERAL', 'ANXIETY', 'question‐', 'NAIRES', 'MANIFEST', 'ANXIETY', 'SCALE', 'SAMPLES', 'UNIVERSITY', 'student']",TING FACTORS test ANXIETY GENERAL ANXIETY question‐ NAIRES MANIFEST ANXIETY SCALE SAMPLES UNIVERSITY student
Stucki D.R.,CHANGE IN STUDENT ATTITUDES TOWARD INTRODUCTORY PSYCHOLOGY TEXTS,1964,1,"['change', 'student', 'attitudes', 'INTRODUCTORY', 'psychology', 'texts']",change student attitudes INTRODUCTORY psychology texts
Merrtfield P.R.,FACILITATING VS DIFFERENTIATING COMPONENTS OF CREATIVITY,1964,1,"['facilitate', 'VS', 'differentiate', 'component', 'CREATIVITY']",facilitate VS differentiate component CREATIVITY
Millman J.; Lindlof J.,"THE COMPARABILITY OF FIFTH‐GRADE NORMS OF THE CALIFORNIA, lOWA, AND METROPOLITAN ACHIEVEMENT TESTS",1964,1,"['COMPARABILITY', 'fifth‐grade', 'norms', 'CALIFORNIA', 'lowa', 'METROPOLITAN', 'achievement', 'test']",COMPARABILITY fifth‐grade norms CALIFORNIA lowa METROPOLITAN achievement test
Starkweather E.K.,PROBLEMS IN THE MEASUREMENT OF CREATIVITY IN PRESCHOOL CHILDREN,1964,1,"['problems', 'CREATIVITY', 'PRESCHOOL', 'CHILDREN']",problems CREATIVITY PRESCHOOL CHILDREN
de Jung J.E.,A COMPARISON OF PEER RATINGS MADE AND RECEIVED USING A NON EXPLICIT AND EXPLICIT RATER REFERENCE FRAME INSTRUCTION,1964,1,"['comparison', 'peer', 'RATINGS', 'RECEIVED', 'NON', 'EXPLICIT', 'EXPLICIT', 'RATER', 'REFERENCE', 'FRAME', 'INSTRUCTION']",comparison peer RATINGS RECEIVED NON EXPLICIT EXPLICIT RATER REFERENCE FRAME INSTRUCTION
Mayo S.T.,WHAT EXPERTS THINK TEACHERS OUGHT TO KNOW ABOUT EDUCATIONAL MEASUREMENT,1964,1,"['EXPERTS', 'think', 'teacher', 'ought', 'know', 'EDUCATIONAL']",EXPERTS think teacher ought know EDUCATIONAL
Michael W.B.,THE REALIZATION OF RELIABLE AND VALID CRITERION MEASURES FOR SPECIAL UNDERGRADUATE PROGRAMS AND COURSES AIMED AT THE DEVELOPMENT AND EXPRESSION OF CREATIVE BEHAVIOR,1964,1,"['realization', 'reliable', 'valid', 'CRITERION', 'MEASURES', 'special', 'undergraduate', 'PROGRAMS', 'course', 'aim', 'DEVELOPMENT', 'expression', 'creative', 'behavior']",realization reliable valid CRITERION MEASURES special undergraduate PROGRAMS course aim DEVELOPMENT expression creative behavior
